<?xml version="1.0" encoding="UTF-8"?>
<window>
	<defaultcontrol always="true">10</defaultcontrol>
	<include>Animation_DialogPopupOpenClose</include>
	<depth>DepthDialog+</depth>
	<controls>
		<control type="group">
			<height>390</height>
			<centertop>50%</centertop>
			<centerleft>50%</centerleft>
			<width>915</width>
			<include name="DialogBackgroundCommons">
				<param name="width" value="915" />
				<param name="height" value="380" />
				<param name="header_label" value="$LOCALIZE[13406]" />
				<param name="header_id" value="1" />
			</include>
			<control type="textbox" id="9">
				<left>30</left>
				<top>82</top>
				<width>855</width>
				<height>165</height>
				<label>-</label>
				<autoscroll time="3000" delay="4000" repeat="5000">true</autoscroll>
			</control>
			<control type="grouplist" id="9000">
				<orientation>horizontal</orientation>
				<left>0</left>
				<top>280</top>
				<width>915</width>
				<align>center</align>
				<include name="DefaultDialogButton">
					<param name="id" value="11" />
					<param name="label" value="$LOCALIZE[107]" />
				</include>
				<include name="DefaultDialogButton">
					<param name="id" value="10" />
					<param name="label" value="$LOCALIZE[106]" />
				</include>
			</control>
		</control>
	</controls>
</window>

