<?xml version="1.0" encoding="UTF-8"?>
<window>
	<zorder>3</zorder>
	<controls>
		<control type="group">
			<!-- Right Top Default -->
			<depth>DepthMax</depth>
			<top>95</top>
			<right>-5</right>
			<width>640</width>
			<include>Animation_DialogPopupOpenClose</include>
			<visible>IsEmpty(Window(Home).Property(script.cinemavision.running))</visible>
			<visible>!Window.IsVisible(Startup.xml) + ![[Window.IsActive(fullscreenvideo) | Window.IsActive(fullscreeninfo) | Window.IsActive(visualisation)] + Skin.HasSetting(hide_popup)]</visible>
			<!-- Bottom -->
			<animation effect="slide" end="0,830" time="0" condition="StringCompare(Skin.String(PopupPosition.label),$LOCALIZE[44107]) | StringCompare(Skin.String(PopupPosition.label),$LOCALIZE[44108]) | StringCompare(Skin.String(PopupPosition.label),$LOCALIZE[44109])">conditional</animation>
			<!-- Center -->
			<animation effect="slide" end="-645,0" time="0" condition="StringCompare(Skin.String(PopupPosition.label),$LOCALIZE[44105]) | StringCompare(Skin.String(PopupPosition.label),$LOCALIZE[44108])">conditional</animation>
			<!-- Left -->
			<animation effect="slide" end="-1290,0" time="0" condition="StringCompare(Skin.String(PopupPosition.label),$LOCALIZE[44104]) | StringCompare(Skin.String(PopupPosition.label),$LOCALIZE[44107])">conditional</animation>
			<control type="image">
				<left>0</left>
				<top>0</top>
				<width>640</width>
				<height>160</height>
				<texture>dialogs/dialog-bg-nobo.png</texture>
				<bordertexture border="21">overlays/shadow.png</bordertexture>
				<bordersize>20</bordersize>
			</control>
			<control type="image" id="400">
				<description>avatar</description>
				<left>25</left>
				<top>25</top>
				<width>110</width>
				<height>110</height>
				<aspectratio>stretch</aspectratio>
			</control>
			<control type="fadelabel" id="401">
				<description>Line 1 Label</description>
				<left>150</left>
				<top>40</top>
				<width>450</width>
				<height>18</height>
				<font>font37</font>
				<aligny>center</aligny>
				<scrollout>false</scrollout>
				<pauseatend>2000</pauseatend>
			</control>
			<control type="textbox" id="402">
				<description>Line 2 Label</description>
				<left>151</left>
				<top>68</top>
				<width>450</width>
				<height>60</height>
				<font>font27_narrow</font>
				<aligny>center</aligny>
			</control>
		</control>
	</controls>
</window>
