﻿<?xml version="1.0" encoding="utf-8"?>
<includes>
	<!-- CustomWidgetsAddonsSettings -->
	<include name="HomeMainCustomWidgetsAddonsSettings">
		<!-- WidgetsAddonsEnable -->
		<control type="radiobutton" id="$PARAM[id1]00">
			<description>Flags</description>
			<include>DefaultSettingButton</include>
			<label>$PARAM[title]</label>
			<onclick>Skin.ToggleSetting($PARAM[flags])</onclick>
			<selected>Skin.HasSetting($PARAM[flags])</selected>
			<visible>$PARAM[visible]</visible>
		</control>
		<!-- WidgetsAddons01 -->
		<control type="button" id="$PARAM[id1]01">
			<label>- $LOCALIZE[24000] [B]1[/B]</label>
			<label2>[COLOR selected]$INFO[Skin.String(AddonSet$PARAM[setadonnstype].0.Label)][/COLOR]</label2>
			<include>DefaultSettingButton</include>
			<include name="HomeMainCustomWidgetsSelectAddons">
				<param name="type" value="$PARAM[type]" />
				<param name="adonnstype" value="$PARAM[setadonnstype]" />
				<param name="id1" value="0" />
			</include>
			<visible>Skin.HasSetting($PARAM[flags])</visible>
			<visible>$PARAM[visible]</visible>
		</control>
		<!-- WidgetsAddons02 -->
		<control type="button" id="$PARAM[id1]02">
			<label>- $LOCALIZE[24000] [B]2[/B]</label>
			<label2>[COLOR selected]$INFO[Skin.String(AddonSet$PARAM[setadonnstype].1.Label)][/COLOR]</label2>
			<include>DefaultSettingButton</include>
			<include name="HomeMainCustomWidgetsSelectAddons">
				<param name="type" value="$PARAM[type]" />
				<param name="adonnstype" value="$PARAM[setadonnstype]" />
				<param name="id1" value="1" />
			</include>
			<visible>Skin.HasSetting($PARAM[flags])</visible>
			<visible>!IsEmpty(Skin.String(AddonSet$PARAM[setadonnstype].0.Label))</visible>
			<visible>$PARAM[visible]</visible>
		</control>
		<!-- WidgetsAddons03 -->
		<control type="button" id="$PARAM[id1]03">
			<label>- $LOCALIZE[24000] [B]3[/B]</label>
			<label2>[COLOR selected]$INFO[Skin.String(AddonSet$PARAM[setadonnstype].2.Label)][/COLOR]</label2>
			<include>DefaultSettingButton</include>
			<include name="HomeMainCustomWidgetsSelectAddons">
				<param name="type" value="$PARAM[type]" />
				<param name="adonnstype" value="$PARAM[setadonnstype]" />
				<param name="id1" value="2" />
			</include>
			<visible>Skin.HasSetting($PARAM[flags])</visible>
			<visible>!IsEmpty(Skin.String(AddonSet$PARAM[setadonnstype].1.Label))</visible>
			<visible>$PARAM[visible]</visible>
		</control>
		<!-- WidgetsAddons04 -->
		<control type="button" id="$PARAM[id1]04">
			<label>- $LOCALIZE[24000] [B]4[/B]</label>
			<label2>[COLOR selected]$INFO[Skin.String(AddonSet$PARAM[setadonnstype].3.Label)][/COLOR]</label2>
			<include>DefaultSettingButton</include>
			<include name="HomeMainCustomWidgetsSelectAddons">
				<param name="type" value="$PARAM[type]" />
				<param name="adonnstype" value="$PARAM[setadonnstype]" />
				<param name="id1" value="3" />
			</include>
			<visible>Skin.HasSetting($PARAM[flags])</visible>
			<visible>!IsEmpty(Skin.String(AddonSet$PARAM[setadonnstype].2.Label))</visible>
			<visible>$PARAM[visible]</visible>
		</control>
		<!-- WidgetsAddons05 -->
		<control type="button" id="$PARAM[id1]05">
			<label>- $LOCALIZE[24000] [B]5[/B]</label>
			<label2>[COLOR selected]$INFO[Skin.String(AddonSet$PARAM[setadonnstype].4.Label)][/COLOR]</label2>
			<include>DefaultSettingButton</include>
			<include name="HomeMainCustomWidgetsSelectAddons">
				<param name="type" value="$PARAM[type]" />
				<param name="adonnstype" value="$PARAM[setadonnstype]" />
				<param name="id1" value="4" />
			</include>
			<visible>Skin.HasSetting($PARAM[flags])</visible>
			<visible>!IsEmpty(Skin.String(AddonSet$PARAM[setadonnstype].3.Label))</visible>
			<visible>$PARAM[visible]</visible>
		</control>
		<!-- WidgetsAddons06 -->
		<control type="button" id="$PARAM[id1]06">
			<label>- $LOCALIZE[24000] [B]6[/B]</label>
			<label2>[COLOR selected]$INFO[Skin.String(AddonSet$PARAM[setadonnstype].5.Label)][/COLOR]</label2>
			<include>DefaultSettingButton</include>
			<include name="HomeMainCustomWidgetsSelectAddons">
				<param name="type" value="$PARAM[type]" />
				<param name="adonnstype" value="$PARAM[setadonnstype]" />
				<param name="id1" value="5" />
			</include>
			<visible>Skin.HasSetting($PARAM[flags])</visible>
			<visible>!IsEmpty(Skin.String(AddonSet$PARAM[setadonnstype].4.Label))</visible>
			<visible>$PARAM[visible]</visible>
		</control>
		<!-- WidgetsAddons07 -->
		<control type="button" id="$PARAM[id1]07">
			<label>- $LOCALIZE[24000] [B]7[/B]</label>
			<label2>[COLOR selected]$INFO[Skin.String(AddonSet$PARAM[setadonnstype].6.Label)][/COLOR]</label2>
			<include>DefaultSettingButton</include>
			<include name="HomeMainCustomWidgetsSelectAddons">
				<param name="type" value="$PARAM[type]" />
				<param name="adonnstype" value="$PARAM[setadonnstype]" />
				<param name="id1" value="6" />
			</include>
			<visible>Skin.HasSetting($PARAM[flags])</visible>
			<visible>!IsEmpty(Skin.String(AddonSet$PARAM[setadonnstype].5.Label))</visible>
			<visible>$PARAM[visible]</visible>
		</control>
		<!-- WidgetsAddons08 -->
		<control type="button" id="$PARAM[id1]08">
			<label>- $LOCALIZE[24000] [B]8[/B]</label>
			<label2>[COLOR selected]$INFO[Skin.String(AddonSet$PARAM[setadonnstype].7.Label)][/COLOR]</label2>
			<include>DefaultSettingButton</include>
			<include name="HomeMainCustomWidgetsSelectAddons">
				<param name="type" value="$PARAM[type]" />
				<param name="adonnstype" value="$PARAM[setadonnstype]" />
				<param name="id1" value="7" />
			</include>
			<visible>Skin.HasSetting($PARAM[flags])</visible>
			<visible>!IsEmpty(Skin.String(AddonSet$PARAM[setadonnstype].6.Label))</visible>
			<visible>$PARAM[visible]</visible>
		</control>
		<!-- WidgetsAddons09 -->
		<control type="button" id="$PARAM[id1]09">
			<label>- $LOCALIZE[24000] [B]9[/B]</label>
			<label2>[COLOR selected]$INFO[Skin.String(AddonSet$PARAM[setadonnstype].8.Label)][/COLOR]</label2>
			<include>DefaultSettingButton</include>
			<include name="HomeMainCustomWidgetsSelectAddons">
				<param name="type" value="$PARAM[type]" />
				<param name="adonnstype" value="$PARAM[setadonnstype]" />
				<param name="id1" value="8" />
			</include>
			<visible>Skin.HasSetting($PARAM[flags])</visible>
			<visible>!IsEmpty(Skin.String(AddonSet$PARAM[setadonnstype].7.Label))</visible>
			<visible>$PARAM[visible]</visible>
		</control>
		<!-- WidgetsAddons10 -->
		<control type="button" id="$PARAM[id1]10">
			<label>- $LOCALIZE[24000] [B]10[/B]</label>
			<label2>[COLOR selected]$INFO[Skin.String(AddonSet$PARAM[setadonnstype].9.Label)][/COLOR]</label2>
			<include>DefaultSettingButton</include>
			<include name="HomeMainCustomWidgetsSelectAddons">
				<param name="type" value="$PARAM[type]" />
				<param name="adonnstype" value="$PARAM[setadonnstype]" />
				<param name="id1" value="9" />
			</include>
			<visible>Skin.HasSetting($PARAM[flags])</visible>
			<visible>!IsEmpty(Skin.String(AddonSet$PARAM[setadonnstype].8.Label))</visible>
			<visible>$PARAM[visible]</visible>
		</control>
	</include>
	<!-- SelectAddons -->
	<include name="HomeMainCustomWidgetsSelectAddons">
		<onclick>Skin.Reset(UsrSelectAddon)</onclick>
		<onclick>Skin.SetAddon(UsrSelectAddon,$PARAM[type])</onclick>
		<onclick>Skin.SetString(AddonSet$PARAM[adonnstype].$PARAM[id1].Label,$INFO[system.addontitle(Skin.String(UsrSelectAddon))])</onclick>
		<onclick>Skin.SetString(AddonSet$PARAM[adonnstype].$PARAM[id1].Name,$INFO[Skin.String(UsrSelectAddon)])</onclick>
		<onclick>Skin.SetString(AddonSet$PARAM[adonnstype].$PARAM[id1].Icon,$INFO[system.addonicon(Skin.String(UsrSelectAddon))])</onclick>
	</include>
	<!-- ContentAddonsWidgets -->
	<include name="HomeCustomAddonsItems">
		<item id="1">
			<label>$INFO[Skin.String(AddonSet$PARAM[id2].0.Label)]</label>
			<onclick>RunAddon($INFO[Skin.String(AddonSet$PARAM[id2].0.Name)])</onclick>
			<icon>$INFO[Skin.String(AddonSet$PARAM[id2].0.Icon)]</icon>
			<thumb>$INFO[Skin.String(AddonSet$PARAM[id2].0.Icon)]</thumb>
			<property name="AddonVersion">$INFO[system.addonversion(Skin.String(AddonSet$PARAM[id2].0.Name))]</property>
			<property name="AddonFanart">special://home/addons/$INFO[Skin.String(AddonSet$PARAM[id2].0.Name)]/fanart.jpg</property>
			<visible>!IsEmpty(Skin.String(AddonSet$PARAM[id2].0.Name))</visible>
		</item>
		<item id="2">
			<label>$INFO[Skin.String(AddonSet$PARAM[id2].1.Label)]</label>
			<onclick>RunAddon($INFO[Skin.String(AddonSet$PARAM[id2].1.Name)])</onclick>
			<icon>$INFO[Skin.String(AddonSet$PARAM[id2].1.Icon)]</icon>
			<thumb>$INFO[Skin.String(AddonSet$PARAM[id2].1.Icon)]</thumb>
			<property name="AddonVersion">$INFO[system.addonversion(Skin.String(AddonSet$PARAM[id2].1.Name))]</property>
			<property name="AddonFanart">special://home/addons/$INFO[Skin.String(AddonSet$PARAM[id2].1.Name)]/fanart.jpg</property>
			<visible>!IsEmpty(Skin.String(AddonSet$PARAM[id2].1.Name))</visible>
		</item>
		<item id="3">
			<label>$INFO[Skin.String(AddonSet$PARAM[id2].2.Label)]</label>
			<onclick>RunAddon($INFO[Skin.String(AddonSet$PARAM[id2].2.Name)])</onclick>
			<icon>$INFO[Skin.String(AddonSet$PARAM[id2].2.Icon)]</icon>
			<thumb>$INFO[Skin.String(AddonSet$PARAM[id2].2.Icon)]</thumb>
			<property name="AddonVersion">$INFO[system.addonversion(Skin.String(AddonSet$PARAM[id2].2.Name))]</property>
			<property name="AddonFanart">special://home/addons/$INFO[Skin.String(AddonSet$PARAM[id2].2.Name)]/fanart.jpg</property>
			<visible>!IsEmpty(Skin.String(AddonSet$PARAM[id2].2.Name))</visible>
		</item>
		<item id="4">
			<label>$INFO[Skin.String(AddonSet$PARAM[id2].3.Label)]</label>
			<onclick>RunAddon($INFO[Skin.String(AddonSet$PARAM[id2].3.Name)])</onclick>
			<icon>$INFO[Skin.String(AddonSet$PARAM[id2].3.Icon)]</icon>
			<thumb>$INFO[Skin.String(AddonSet$PARAM[id2].3.Icon)]</thumb>
			<property name="AddonVersion">$INFO[system.addonversion(Skin.String(AddonSet$PARAM[id2].3.Name))]</property>
			<property name="AddonFanart">special://home/addons/$INFO[Skin.String(AddonSet$PARAM[id2].3.Name)]/fanart.jpg</property>
			<visible>!IsEmpty(Skin.String(AddonSet$PARAM[id2].3.Name))</visible>
		</item>
		<item id="5">
			<label>$INFO[Skin.String(AddonSet$PARAM[id2].4.Label)]</label>
			<onclick>RunAddon($INFO[Skin.String(AddonSet$PARAM[id2].4.Name)])</onclick>
			<icon>$INFO[Skin.String(AddonSet$PARAM[id2].4.Icon)]</icon>
			<thumb>$INFO[Skin.String(AddonSet$PARAM[id2].4.Icon)]</thumb>
			<property name="AddonVersion">$INFO[system.addonversion(Skin.String(AddonSet$PARAM[id2].4.Name))]</property>
			<property name="AddonFanart">special://home/addons/$INFO[Skin.String(AddonSet$PARAM[id2].4.Name)]/fanart.jpg</property>
			<visible>!IsEmpty(Skin.String(AddonSet$PARAM[id2].4.Name))</visible>
		</item>
		<item id="6">
			<label>$INFO[Skin.String(AddonSet$PARAM[id2].5.Label)]</label>
			<onclick>RunAddon($INFO[Skin.String(AddonSet$PARAM[id2].5.Name)])</onclick>
			<icon>$INFO[Skin.String(AddonSet$PARAM[id2].5.Icon)]</icon>
			<thumb>$INFO[Skin.String(AddonSet$PARAM[id2].5.Icon)]</thumb>
			<property name="AddonVersion">$INFO[system.addonversion(Skin.String(AddonSet$PARAM[id2].5.Name))]</property>
			<property name="AddonFanart">special://home/addons/$INFO[Skin.String(AddonSet$PARAM[id2].5.Name)]/fanart.jpg</property>
			<visible>!IsEmpty(Skin.String(AddonSet$PARAM[id2].5.Name))</visible>
		</item>
		<item id="7">
			<label>$INFO[Skin.String(AddonSet$PARAM[id2].6.Label)]</label>
			<onclick>RunAddon($INFO[Skin.String(AddonSet$PARAM[id2].6.Name)])</onclick>
			<icon>$INFO[Skin.String(AddonSet$PARAM[id2].6.Icon)]</icon>
			<thumb>$INFO[Skin.String(AddonSet$PARAM[id2].6.Icon)]</thumb>
			<property name="AddonVersion">$INFO[system.addonversion(Skin.String(AddonSet$PARAM[id2].6.Name))]</property>
			<property name="AddonFanart">special://home/addons/$INFO[Skin.String(AddonSet$PARAM[id2].6.Name)]/fanart.jpg</property>
			<visible>!IsEmpty(Skin.String(AddonSet$PARAM[id2].6.Name))</visible>
		</item>
		<item id="8">
			<label>$INFO[Skin.String(AddonSet$PARAM[id2].7.Label)]</label>
			<onclick>RunAddon($INFO[Skin.String(AddonSet$PARAM[id2].7.Name)])</onclick>
			<icon>$INFO[Skin.String(AddonSet$PARAM[id2].7.Icon)]</icon>
			<thumb>$INFO[Skin.String(AddonSet$PARAM[id2].7.Icon)]</thumb>
			<property name="AddonVersion">$INFO[system.addonversion(Skin.String(AddonSet$PARAM[id2].7.Name))]</property>
			<property name="AddonFanart">special://home/addons/$INFO[Skin.String(AddonSet$PARAM[id2].7.Name)]/fanart.jpg</property>
			<visible>!IsEmpty(Skin.String(AddonSet$PARAM[id2].7.Name))</visible>
		</item>
		<item id="9">
			<label>$INFO[Skin.String(AddonSet$PARAM[id2].8.Label)]</label>
			<onclick>RunAddon($INFO[Skin.String(AddonSet$PARAM[id2].8.Name)])</onclick>
			<icon>$INFO[Skin.String(AddonSet$PARAM[id2].8.Icon)]</icon>
			<thumb>$INFO[Skin.String(AddonSet$PARAM[id2].8.Icon)]</thumb>
			<property name="AddonVersion">$INFO[system.addonversion(Skin.String(AddonSet$PARAM[id2].8.Name))]</property>
			<property name="AddonFanart">special://home/addons/$INFO[Skin.String(AddonSet$PARAM[id2].8.Name)]/fanart.jpg</property>
			<visible>!IsEmpty(Skin.String(AddonSet$PARAM[id2].8.Name))</visible>
		</item>
		<item id="10">
			<label>$INFO[Skin.String(AddonSet$PARAM[id2].9.Label)]</label>
			<onclick>RunAddon($INFO[Skin.String(AddonSet$PARAM[id2].9.Name)])</onclick>
			<icon>$INFO[Skin.String(AddonSet$PARAM[id2].9.Icon)]</icon>
			<thumb>$INFO[Skin.String(AddonSet$PARAM[id2].9.Icon)]</thumb>
			<property name="AddonVersion">$INFO[system.addonversion(Skin.String(AddonSet$PARAM[id2].9.Name))]</property>
			<property name="AddonFanart">special://home/addons/$INFO[Skin.String(AddonSet$PARAM[id2].9.Name)]/fanart.jpg</property>
			<visible>!IsEmpty(Skin.String(AddonSet$PARAM[id2].9.Name))</visible>
		</item>
	</include>
	<include name="CustomAddonsVideo">
		<include name="HomeCustomAddonsItems">
			<param name="id2" value="Video" />
		</include>
	</include>
	<include name="CustomAddonsAudio">
		<include name="HomeCustomAddonsItems">
			<param name="id2" value="Audio" />
		</include>
	</include>
	<include name="CustomAddonsPrograms">
		<include name="HomeCustomAddonsItems">
			<param name="id2" value="Programs" />
		</include>
	</include>
	<include name="CustomAddonsImage">
		<include name="HomeCustomAddonsItems">
			<param name="id2" value="Image" />
		</include>
	</include>
	<!-- CustomWidgetsChannelsSettings -->
	<include name="HomeMainCustomWidgetsChannelsSettings">
		<!-- WidgetsChannelsEnable -->
		<control type="radiobutton" id="$PARAM[id1]00">
			<description>Flags</description>
			<include>DefaultSettingButton</include>
			<label>$PARAM[title]</label>
			<onclick>Skin.ToggleSetting($PARAM[flags])</onclick>
			<selected>Skin.HasSetting($PARAM[flags])</selected>
			<visible>$PARAM[visible]</visible>
		</control>
		<!-- WidgetsChannels01 -->
		<control type="button" id="$PARAM[id1]01">
			<label>- $LOCALIZE[43240] [B]1[/B]</label>
			<label2>[COLOR selected]$INFO[Skin.String(Channel$PARAM[setchannelstype].0.Label)][/COLOR]</label2>
			<include>DefaultSettingButton</include>
			<onclick>RunScript(script.pvr.favourites,action=select&amp;isradio=$PARAM[type]&amp;property=Channel$PARAM[setchannelstype].0)</onclick>
			<visible>Skin.HasSetting($PARAM[flags])</visible>
			<visible>$PARAM[visible]</visible>
		</control>
		<!-- WidgetsChannels02 -->
		<control type="button" id="$PARAM[id1]02">
			<label>- $LOCALIZE[43240] [B]2[/B]</label>
			<label2>[COLOR selected]$INFO[Skin.String(Channel$PARAM[setchannelstype].1.Label)][/COLOR]</label2>
			<include>DefaultSettingButton</include>
			<onclick>RunScript(script.pvr.favourites,action=select&amp;isradio=$PARAM[type]&amp;property=Channel$PARAM[setchannelstype].1)</onclick>
			<visible>Skin.HasSetting($PARAM[flags])</visible>
			<visible>!IsEmpty(Skin.String(Channel$PARAM[setchannelstype].0.Label))</visible>
			<visible>$PARAM[visible]</visible>
		</control>
		<!-- WidgetsChannels03 -->
		<control type="button" id="$PARAM[id1]03">
			<label>- $LOCALIZE[43240] [B]3[/B]</label>
			<label2>[COLOR selected]$INFO[Skin.String(Channel$PARAM[setchannelstype].2.Label)][/COLOR]</label2>
			<include>DefaultSettingButton</include>
			<onclick>RunScript(script.pvr.favourites,action=select&amp;isradio=$PARAM[type]&amp;property=Channel$PARAM[setchannelstype].2)</onclick>
			<visible>Skin.HasSetting($PARAM[flags])</visible>
			<visible>!IsEmpty(Skin.String(Channel$PARAM[setchannelstype].1.Label))</visible>
			<visible>$PARAM[visible]</visible>
		</control>
		<!-- WidgetsChannels04 -->
		<control type="button" id="$PARAM[id1]04">
			<label>- $LOCALIZE[43240] [B]4[/B]</label>
			<label2>[COLOR selected]$INFO[Skin.String(Channel$PARAM[setchannelstype].3.Label)][/COLOR]</label2>
			<include>DefaultSettingButton</include>
			<onclick>RunScript(script.pvr.favourites,action=select&amp;isradio=$PARAM[type]&amp;property=Channel$PARAM[setchannelstype].3)</onclick>
			<visible>Skin.HasSetting($PARAM[flags])</visible>
			<visible>!IsEmpty(Skin.String(Channel$PARAM[setchannelstype].2.Label))</visible>
			<visible>$PARAM[visible]</visible>
		</control>
		<!-- WidgetsChannels05 -->
		<control type="button" id="$PARAM[id1]05">
			<label>- $LOCALIZE[43240] [B]5[/B]</label>
			<label2>[COLOR selected]$INFO[Skin.String(Channel$PARAM[setchannelstype].4.Label)][/COLOR]</label2>
			<include>DefaultSettingButton</include>
			<onclick>RunScript(script.pvr.favourites,action=select&amp;isradio=$PARAM[type]&amp;property=Channel$PARAM[setchannelstype].4)</onclick>
			<visible>Skin.HasSetting($PARAM[flags])</visible>
			<visible>!IsEmpty(Skin.String(Channel$PARAM[setchannelstype].3.Label))</visible>
			<visible>$PARAM[visible]</visible>
		</control>
		<!-- WidgetsChannels06 -->
		<control type="button" id="$PARAM[id1]06">
			<label>- $LOCALIZE[43240] [B]6[/B]</label>
			<label2>[COLOR selected]$INFO[Skin.String(Channel$PARAM[setchannelstype].5.Label)][/COLOR]</label2>
			<include>DefaultSettingButton</include>
			<onclick>RunScript(script.pvr.favourites,action=select&amp;isradio=$PARAM[type]&amp;property=Channel$PARAM[setchannelstype].5)</onclick>
			<visible>Skin.HasSetting($PARAM[flags])</visible>
			<visible>!IsEmpty(Skin.String(Channel$PARAM[setchannelstype].4.Label))</visible>
			<visible>$PARAM[visible]</visible>
		</control>
		<!-- WidgetsChannels07 -->
		<control type="button" id="$PARAM[id1]07">
			<label>- $LOCALIZE[43240] [B]7[/B]</label>
			<label2>[COLOR selected]$INFO[Skin.String(Channel$PARAM[setchannelstype].6.Label)][/COLOR]</label2>
			<include>DefaultSettingButton</include>
			<onclick>RunScript(script.pvr.favourites,action=select&amp;isradio=$PARAM[type]&amp;property=Channel$PARAM[setchannelstype].6)</onclick>
			<visible>Skin.HasSetting($PARAM[flags])</visible>
			<visible>!IsEmpty(Skin.String(Channel$PARAM[setchannelstype].5.Label))</visible>
			<visible>$PARAM[visible]</visible>
		</control>
		<!-- WidgetsChannels08 -->
		<control type="button" id="$PARAM[id1]08">
			<label>- $LOCALIZE[43240] [B]8[/B]</label>
			<label2>[COLOR selected]$INFO[Skin.String(Channel$PARAM[setchannelstype].7.Label)][/COLOR]</label2>
			<include>DefaultSettingButton</include>
			<onclick>RunScript(script.pvr.favourites,action=select&amp;isradio=$PARAM[type]&amp;property=Channel$PARAM[setchannelstype].7)</onclick>
			<visible>Skin.HasSetting($PARAM[flags])</visible>
			<visible>!IsEmpty(Skin.String(Channel$PARAM[setchannelstype].6.Label))</visible>
			<visible>$PARAM[visible]</visible>
		</control>
		<!-- WidgetsChannels09 -->
		<control type="button" id="$PARAM[id1]09">
			<label>- $LOCALIZE[43240] [B]9[/B]</label>
			<label2>[COLOR selected]$INFO[Skin.String(Channel$PARAM[setchannelstype].8.Label)][/COLOR]</label2>
			<include>DefaultSettingButton</include>
			<onclick>RunScript(script.pvr.favourites,action=select&amp;isradio=$PARAM[type]&amp;property=Channel$PARAM[setchannelstype].8)</onclick>
			<visible>Skin.HasSetting($PARAM[flags])</visible>
			<visible>!IsEmpty(Skin.String(Channel$PARAM[setchannelstype].7.Label))</visible>
			<visible>$PARAM[visible]</visible>
		</control>
		<!-- WidgetsChannels10 -->
		<control type="button" id="$PARAM[id1]10">
			<label>- $LOCALIZE[43240] [B]10[/B]</label>
			<label2>[COLOR selected]$INFO[Skin.String(Channel$PARAM[setchannelstype].9.Label)][/COLOR]</label2>
			<include>DefaultSettingButton</include>
			<onclick>RunScript(script.pvr.favourites,action=select&amp;isradio=$PARAM[type]&amp;property=Channel$PARAM[setchannelstype].9)</onclick>
			<visible>Skin.HasSetting($PARAM[flags])</visible>
			<visible>!IsEmpty(Skin.String(Channel$PARAM[setchannelstype].8.Label))</visible>
			<visible>$PARAM[visible]</visible>
		</control>
	</include>
	<!-- ContentChannelsWidgets -->
	<include name="HomeCustomChannelsItems">
		<item id="1">
			<label>$INFO[Skin.String(Channel$PARAM[id2].0.Label)]</label>
			<onclick>RunScript(script.pvr.favourites,action=play&amp;channelid=$INFO[Skin.String(Channel$PARAM[id2].0.ChannelId)])</onclick>
			<icon>$INFO[Skin.String(Channel$PARAM[id2].0.Icon)]</icon>
			<thumb>-</thumb>
			<property name="StartTime">$INFO[Window(home).Property(Channel$PARAM[id2].0.StartTime)]</property>
			<property name="EndTime">$INFO[Window(home).Property(Channel$PARAM[id2].0.EndTime)]</property>
			<property name="Title">$INFO[Window(home).Property(Channel$PARAM[id2].0.Title)]</property>
			<visible>!IsEmpty(Skin.String(Channel$PARAM[id2].0.ChannelId))</visible>
		</item>
		<item id="2">
			<label>$INFO[Skin.String(Channel$PARAM[id2].1.Label)]</label>
			<onclick>RunScript(script.pvr.favourites,action=play&amp;channelid=$INFO[Skin.String(Channel$PARAM[id2].1.ChannelId)])</onclick>
			<icon>$INFO[Skin.String(Channel$PARAM[id2].1.Icon)]</icon>
			<thumb>-</thumb>
			<property name="StartTime">$INFO[Window(home).Property(Channel$PARAM[id2].1.StartTime)]</property>
			<property name="EndTime">$INFO[Window(home).Property(Channel$PARAM[id2].1.EndTime)]</property>
			<property name="Title">$INFO[Window(home).Property(Channel$PARAM[id2].1.Title)]</property>
			<visible>!IsEmpty(Skin.String(Channel$PARAM[id2].1.ChannelId))</visible>
		</item>
		<item id="3">
			<label>$INFO[Skin.String(Channel$PARAM[id2].2.Label)]</label>
			<onclick>RunScript(script.pvr.favourites,action=play&amp;channelid=$INFO[Skin.String(Channel$PARAM[id2].2.ChannelId)])</onclick>
			<icon>$INFO[Skin.String(Channel$PARAM[id2].2.Icon)]</icon>
			<thumb>-</thumb>
			<property name="StartTime">$INFO[Window(home).Property(Channel$PARAM[id2].2.StartTime)]</property>
			<property name="EndTime">$INFO[Window(home).Property(Channel$PARAM[id2].2.EndTime)]</property>
			<property name="Title">$INFO[Window(home).Property(Channel$PARAM[id2].2.Title)]</property>
			<visible>!IsEmpty(Skin.String(Channel$PARAM[id2].2.ChannelId))</visible>
		</item>
		<item id="4">
			<label>$INFO[Skin.String(Channel$PARAM[id2].3.Label)]</label>
			<onclick>RunScript(script.pvr.favourites,action=play&amp;channelid=$INFO[Skin.String(Channel$PARAM[id2].3.ChannelId)])</onclick>
			<icon>$INFO[Skin.String(Channel$PARAM[id2].3.Icon)]</icon>
			<thumb>-</thumb>
			<property name="StartTime">$INFO[Window(home).Property(Channel$PARAM[id2].3.StartTime)]</property>
			<property name="EndTime">$INFO[Window(home).Property(Channel$PARAM[id2].3.EndTime)]</property>
			<property name="Title">$INFO[Window(home).Property(Channel$PARAM[id2].3.Title)]</property>
			<visible>!IsEmpty(Skin.String(Channel$PARAM[id2].3.ChannelId))</visible>
		</item>
		<item id="5">
			<label>$INFO[Skin.String(Channel$PARAM[id2].4.Label)]</label>
			<onclick>RunScript(script.pvr.favourites,action=play&amp;channelid=$INFO[Skin.String(Channel$PARAM[id2].4.ChannelId)])</onclick>
			<icon>$INFO[Skin.String(Channel$PARAM[id2].4.Icon)]</icon>
			<thumb>-</thumb>
			<property name="StartTime">$INFO[Window(home).Property(Channel$PARAM[id2].4.StartTime)]</property>
			<property name="EndTime">$INFO[Window(home).Property(Channel$PARAM[id2].4.EndTime)]</property>
			<property name="Title">$INFO[Window(home).Property(Channel$PARAM[id2].4.Title)]</property>
			<visible>!IsEmpty(Skin.String(Channel$PARAM[id2].4.ChannelId))</visible>
		</item>
		<item id="6">
			<label>$INFO[Skin.String(Channel$PARAM[id2].5.Label)]</label>
			<onclick>RunScript(script.pvr.favourites,action=play&amp;channelid=$INFO[Skin.String(Channel$PARAM[id2].5.ChannelId)])</onclick>
			<icon>$INFO[Skin.String(Channel$PARAM[id2].5.Icon)]</icon>
			<thumb>-</thumb>
			<property name="StartTime">$INFO[Window(home).Property(Channel$PARAM[id2].5.StartTime)]</property>
			<property name="EndTime">$INFO[Window(home).Property(Channel$PARAM[id2].5.EndTime)]</property>
			<property name="Title">$INFO[Window(home).Property(Channel$PARAM[id2].5.Title)]</property>
			<visible>!IsEmpty(Skin.String(Channel$PARAM[id2].5.ChannelId))</visible>
		</item>
		<item id="7">
			<label>$INFO[Skin.String(Channel$PARAM[id2].6.Label)]</label>
			<onclick>RunScript(script.pvr.favourites,action=play&amp;channelid=$INFO[Skin.String(Channel$PARAM[id2].6.ChannelId)])</onclick>
			<icon>$INFO[Skin.String(Channel$PARAM[id2].6.Icon)]</icon>
			<thumb>-</thumb>
			<property name="StartTime">$INFO[Window(home).Property(Channel$PARAM[id2].6.StartTime)]</property>
			<property name="EndTime">$INFO[Window(home).Property(Channel$PARAM[id2].6.EndTime)]</property>
			<property name="Title">$INFO[Window(home).Property(Channel$PARAM[id2].6.Title)]</property>
			<visible>!IsEmpty(Skin.String(Channel$PARAM[id2].6.ChannelId))</visible>
		</item>
		<item id="8">
			<label>$INFO[Skin.String(Channel$PARAM[id2].7.Label)]</label>
			<onclick>RunScript(script.pvr.favourites,action=play&amp;channelid=$INFO[Skin.String(Channel$PARAM[id2].7.ChannelId)])</onclick>
			<icon>$INFO[Skin.String(Channel$PARAM[id2].7.Icon)]</icon>
			<thumb>-</thumb>
			<property name="StartTime">$INFO[Window(home).Property(Channel$PARAM[id2].7.StartTime)]</property>
			<property name="EndTime">$INFO[Window(home).Property(Channel$PARAM[id2].7.EndTime)]</property>
			<property name="Title">$INFO[Window(home).Property(Channel$PARAM[id2].7.Title)]</property>
			<visible>!IsEmpty(Skin.String(Channel$PARAM[id2].7.ChannelId))</visible>
		</item>
		<item id="9">
			<label>$INFO[Skin.String(Channel$PARAM[id2].8.Label)]</label>
			<onclick>RunScript(script.pvr.favourites,action=play&amp;channelid=$INFO[Skin.String(Channel$PARAM[id2].8.ChannelId)])</onclick>
			<icon>$INFO[Skin.String(Channel$PARAM[id2].8.Icon)]</icon>
			<thumb>-</thumb>
			<property name="StartTime">$INFO[Window(home).Property(Channel$PARAM[id2].8.StartTime)]</property>
			<property name="EndTime">$INFO[Window(home).Property(Channel$PARAM[id2].8.EndTime)]</property>
			<property name="Title">$INFO[Window(home).Property(Channel$PARAM[id2].8.Title)]</property>
			<visible>!IsEmpty(Skin.String(Channel$PARAM[id2].8.ChannelId))</visible>
		</item>
		<item id="10">
			<label>$INFO[Skin.String(Channel$PARAM[id2].9.Label)]</label>
			<onclick>RunScript(script.pvr.favourites,action=play&amp;channelid=$INFO[Skin.String(Channel$PARAM[id2].9.ChannelId)])</onclick>
			<icon>$INFO[Skin.String(Channel$PARAM[id2].9.Icon)]</icon>
			<thumb>-</thumb>
			<property name="StartTime">$INFO[Window(home).Property(Channel$PARAM[id2].9.StartTime)]</property>
			<property name="EndTime">$INFO[Window(home).Property(Channel$PARAM[id2].9.EndTime)]</property>
			<property name="Title">$INFO[Window(home).Property(Channel$PARAM[id2].9.Title)]</property>
			<visible>!IsEmpty(Skin.String(Channel$PARAM[id2].9.ChannelId))</visible>
		</item>
	</include>
	<include name="CustomChannelsTV">
		<include name="HomeCustomChannelsItems">
			<param name="id2" value="TV" />
		</include>
	</include>
	<include name="CustomChannelsRadio">
		<include name="HomeCustomChannelsItems">
			<param name="id2" value="Radio" />
		</include>
	</include>
	<!-- mod Safonov_ivan: combi_userwidget -->
	<include name="CustomAddonsAll1">
		<include name="HomeCustomAddonsItems">
			<param name="id2" value="AllPrograms1" />
		</include>
	</include>
	<include name="CustomAddonsAll2">
		<include name="HomeCustomAddonsItems">
			<param name="id2" value="AllPrograms2" />
		</include>
	</include>
	<include name="CustomAddonsAll3">
		<include name="HomeCustomAddonsItems">
			<param name="id2" value="AllPrograms3" />
		</include>
	</include>
	<include name="CustomAddonsAll4">
		<include name="HomeCustomAddonsItems">
			<param name="id2" value="AllPrograms4" />
		</include>
	</include>
	<include name="CustomAddonsAll5">
		<include name="HomeCustomAddonsItems">
			<param name="id2" value="AllPrograms5" />
		</include>
	</include>
	<include name="CustomAddonsAll6">
		<include name="HomeCustomAddonsItems">
			<param name="id2" value="AllPrograms6" />
		</include>
	</include>
	<include name="CustomAddonsAll7">
		<include name="HomeCustomAddonsItems">
			<param name="id2" value="AllPrograms7" />
		</include>
	</include>   
	<include name="CustomAddonsAll8">
		<include name="HomeCustomAddonsItems">
			<param name="id2" value="AllPrograms8" />
		</include>
	</include>	

	</includes>