<?xml version="1.0" encoding="UTF-8"?>
<includes>
	<include name="PictureLayout">
		<param name="fallback_image">DefaultFolder.png</param>
		<param name="focused">false</param>
		<definition>
			<control type="image">
				<top>0</top>
				<width>316</width>
				<height>386</height>
				<texture>dialogs/dialog-bg-nobo.png</texture>
				<bordertexture border="21">overlays/shadow.png</bordertexture>
				<bordersize>20</bordersize>
			</control>
			<control type="image">
				<top>-4</top>
				<left>-4</left>
				<width>324</width>
				<height>394</height>
				<texture colordiffuse="$VAR[MainColorVar]">colors/grey.png</texture>
				<bordertexture border="21">overlays/shadow.png</bordertexture>
				<bordersize>20</bordersize>
				<visible>$PARAM[focused]</visible>
				<include condition="$PARAM[focused]">Animation_FocusTextureFade</include>
			</control>
			<control type="image">
				<left>0</left>
				<top>0</top>
				<width>316</width>
				<height>316</height>
				<texture fallback="$PARAM[fallback_image]" background="true">$VAR[InfoWallThumbVar]</texture>
				<aspectratio>keep</aspectratio>
				<bordersize>20</bordersize>
				<visible>!StringCompare(ListItem.Label,..)</visible>
			</control>
			<control type="image">
				<left>0</left>
				<top>0</top>
				<width>316</width>
				<height>386</height>
				<texture fallback="$PARAM[fallback_image]" background="true">$VAR[InfoWallThumbVar]</texture>
				<aspectratio>keep</aspectratio>
				<bordersize>20</bordersize>
				<visible>StringCompare(ListItem.Label,..)</visible>
			</control>
			<control type="label">
				<left>28</left>
				<top>289</top>
				<width>262</width>
				<height>80</height>
				<font>font12</font>
				<align>center</align>
				<aligny>center</aligny>
				<label>$INFO[ListItem.Label]</label>
				<scroll>$PARAM[focused]</scroll>
				<visible>!StringCompare(ListItem.Label,..)</visible>
			</control>
		</definition>
	</include>
	<include name="InfoWallMusicLayout">
		<param name="fallback_image">DefaultFolder.png</param>
		<param name="main_label">$INFO[ListItem.Artist]</param>
		<param name="sub_label">$INFO[ListItem.Title]</param>
		<param name="single_label">$INFO[ListItem.Label]</param>
		<param name="focused">false</param>
		<param name="userratingval">ListItem.UserRating</param>
		<param name="istwolabel">[StringCompare(ListItem.DBType,album) | StringCompare(ListItem.DBType,song)]</param>
		<definition>
			<control type="image">
				<top>0</top>
				<width>316</width>
				<height>386</height>
				<texture>dialogs/dialog-bg-nobo.png</texture>
				<bordertexture border="21">overlays/shadow.png</bordertexture>
				<bordersize>20</bordersize>
			</control>
			<control type="image">
				<top>-4</top>
				<left>-4</left>
				<width>324</width>
				<height>394</height>
				<texture colordiffuse="$VAR[MainColorVar]">colors/grey.png</texture>
				<bordertexture border="21">overlays/shadow.png</bordertexture>
				<bordersize>20</bordersize>
				<visible>$PARAM[focused]</visible>
				<include condition="$PARAM[focused]">Animation_FocusTextureFade</include>
			</control>
			<control type="image">
				<left>0</left>
				<top>0</top>
				<width>316</width>
				<height>316</height>
				<texture fallback="$PARAM[fallback_image]" background="true">$VAR[InfoWallThumbVar]</texture>
				<aspectratio>keep</aspectratio>
				<bordersize>20</bordersize>
				<visible>!StringCompare(ListItem.Label,..)</visible>
			</control>
			<control type="image">
				<left>0</left>
				<top>0</top>
				<width>316</width>
				<height>386</height>
				<texture fallback="$PARAM[fallback_image]" background="true">$VAR[InfoWallThumbVar]</texture>
				<aspectratio>keep</aspectratio>
				<bordersize>20</bordersize>
				<visible>StringCompare(ListItem.Label,..)</visible>
			</control>
			<control type="textbox">
				<left>28</left>
				<top>289</top>
				<width>262</width>
				<height>80</height>
				<font>font12</font>
				<align>center</align>
				<aligny>center</aligny>
				<label>$PARAM[single_label]</label>
				<visible>!$PARAM[istwolabel]</visible>
				<visible>!StringCompare(ListItem.Label,..)</visible>
			</control>
			<control type="group">
				<visible>$PARAM[istwolabel]</visible>
				<control type="label">
					<left>29</left>
					<top>300</top>
					<width>260</width>
					<label>$PARAM[sub_label]</label>
					<font>font10</font>
					<shadowcolor>text_shadow</shadowcolor>
					<scroll>$PARAM[focused]</scroll>
					<align>center</align>
				</control>
				<control type="label">
					<left>29</left>
					<top>328</top>
					<width>260</width>
					<label>$PARAM[main_label]</label>
					<font>font12</font>
					<shadowcolor>text_shadow</shadowcolor>
					<scroll>$PARAM[focused]</scroll>
					<align>center</align>
				</control>
			</control>
			<control type="group">
				<left>133</left>
				<top>2</top>
				<include name="UserRatingCircle">
					<param name="userratingval" value="$PARAM[userratingval]" />
				</include>
			</control>
		</definition>
	</include>
	<include name="InfoWallEpisodeLayout">
		<param name="main_label">$INFO[ListItem.Title]</param>
		<param name="sub_label">$INFO[ListItem.TVShowTitle]</param>
		<param name="thumb_label">$INFO[ListItem.Season,,x]$INFO[ListItem.Episode]</param>
		<param name="fallback_image">DefaultTVShows.png</param>
		<param name="focused">false</param>
		<param name="userratingval">ListItem.UserRating</param>
		<param name="percentplayed">ListItem.PercentPlayed</param>
		<param name="ispercentplayed">StringCompare(ListItem.PercentPlayed,0)</param>
		<param name="watchedicon">$VAR[WallWatchedIconVar]</param>
		<definition>
			<control type="image">
				<top>10</top>
				<width>316</width>
				<height>288</height>
				<texture>dialogs/dialog-bg-nobo.png</texture>
				<bordertexture border="21">overlays/shadow.png</bordertexture>
				<bordersize>20</bordersize>
			</control>
			<control type="image">
				<top>6</top>
				<left>-4</left>
				<width>324</width>
				<height>296</height>
				<texture colordiffuse="$VAR[MainColorVar]">colors/grey.png</texture>
				<bordertexture border="21">overlays/shadow.png</bordertexture>
				<bordersize>20</bordersize>
				<visible>$PARAM[focused]</visible>
				<include condition="$PARAM[focused]">Animation_FocusTextureFade</include>
			</control>
			<control type="image">
				<left>0</left>
				<top>10</top>
				<width>316</width>
				<height>218</height>
				<texture fallback="$PARAM[fallback_image]" background="true">$VAR[InfoWallThumbVar]</texture>
				<aspectratio>scale</aspectratio>
				<bordersize>20</bordersize>
				<visible>!StringCompare(ListItem.Label,..)</visible>
			</control>
			<control type="image">
				<left>0</left>
				<top>10</top>
				<width>316</width>
				<height>288</height>
				<texture fallback="$PARAM[fallback_image]" background="true">$VAR[InfoWallThumbVar]</texture>
				<aspectratio>keep</aspectratio>
				<bordersize>20</bordersize>
				<visible>StringCompare(ListItem.Label,..)</visible>
			</control>
			<control type="image">
				<left>136</left>
				<top>138</top>
				<width>160</width>
				<height>70</height>
				<texture flipx="true">overlays/overlay-bg.png</texture>
				<visible>!StringCompare(ListItem.Label,..) + !IsEmpty(ListItem.Thumb)</visible>
			</control>
			<control type="label">
				<left>31</left>
				<top>178</top>
				<width>260</width>
				<label>$PARAM[thumb_label]</label>
				<font>font20_title</font>
				<shadowcolor>text_shadow</shadowcolor>
				<align>right</align>
			</control>
			<control type="textbox">
				<left>28</left>
				<top>202</top>
				<width>262</width>
				<height>80</height>
				<font>font12</font>
				<align>center</align>
				<aligny>center</aligny>
				<label>$INFO[ListItem.Label]</label>
				<visible>Window.IsActive(videos)</visible>
				<visible>!StringCompare(ListItem.Label,..)</visible>
			</control>
			<control type="group">
				<visible>!Window.IsActive(videos)</visible>
				<control type="label">
					<left>29</left>
					<top>210</top>
					<width>260</width>
					<label>$PARAM[sub_label]</label>
					<font>font12</font>
					<shadowcolor>text_shadow</shadowcolor>
					<scroll>$PARAM[focused]</scroll>
					<align>center</align>
				</control>
				<control type="label">
					<left>29</left>
					<top>240</top>
					<width>260</width>
					<label>$PARAM[main_label]</label>
					<font>font10</font>
					<shadowcolor>text_shadow</shadowcolor>
					<scroll>$PARAM[focused]</scroll>
					<align>center</align>
				</control>
			</control>
			<control type="image">
				<left>20</left>
				<top>175</top>
				<width>32</width>
				<height>32</height>
				<texture>$PARAM[watchedicon]</texture>
			</control>
			<control type="progress">
				<left>20</left>
				<top>258</top>
				<width>276</width>
				<height>1</height>
				<texturebg></texturebg>
				<midtexture colordiffuse="$VAR[MainColorVar]" border="3">progress/texturebg_alt_white.png</midtexture>
				<info>$PARAM[percentplayed]</info>
				<visible>!$PARAM[ispercentplayed]</visible>
			</control>
			<control type="group">
				<left>134</left>
				<top>8</top>
				<include name="UserRatingCircle">
					<param name="userratingval" value="$PARAM[userratingval]" />
				</include>
			</control>
		</definition>
	</include>
	<include name="InfoWallMovieLayout">
		<param name="focused">false</param>
		<param name="fallback_image">DefaultMovies.png</param>
		<param name="poster">$VAR[ListPosterVar]</param>
		<param name="value_poster">ListItem.Art(poster)</param>
		<param name="noposter">$INFO[ListItem.Icon]</param>
		<param name="userratingval">ListItem.UserRating</param>
		<param name="percentplayed">ListItem.PercentPlayed</param>
		<param name="ispercentplayed">StringCompare(ListItem.PercentPlayed,0)</param>
		<param name="istvshows">StringCompare(ListItem.DBtype,tvshow)</param>
		<param name="totalepisodes">ListItem.Property(TotalEpisodes)</param>
		<param name="watchedepisodes">ListItem.Property(WatchedEpisodes)</param>
		<param name="overlaybg">Listitem.IsCollection | ListItem.IsPlaying | IntegerGreaterThan(ListItem.Playcount,0)</param>
		<param name="watchedicon">$VAR[WallWatchedIconVar]</param>
		<param name="width">298</param>
		<param name="height">408</param>
		<param name="border">true</param>
		<param name="tvshows">true</param>
		<param name="watched">true</param>
		<param name="rating">true</param>
		<param name="progress">true</param>
		<definition>
			<control type="group">
				<left>15</left>
				<top>-10</top>
				<width>$PARAM[width]</width>
				<height>$PARAM[height]</height>
				<control type="group">
					<visible>IsEmpty($PARAM[value_poster])</visible>
					<control type="image">
						<top>4</top>
						<left>4</left>
						<right>4</right>
						<bottom>4</bottom>
						<texture>dialogs/dialog-bg-nobo.png</texture>
						<bordertexture border="21">overlays/shadow.png</bordertexture>
						<bordersize>20</bordersize>
						<visible>$PARAM[border]</visible>
					</control>
					<control type="image">
						<top>4</top>
						<left>4</left>
						<right>4</right>
						<bottom>4</bottom>
						<texture>dialogs/dialog-bg-nobo.png</texture>
						<bordersize>20</bordersize>
						<visible>!$PARAM[border]</visible>
					</control>
					<control type="image">
						<top>4</top>
						<left>4</left>
						<right>4</right>
						<bottom>4</bottom>
						<texture colordiffuse="$VAR[MainColorVar]">colors/grey.png</texture>
						<bordersize>20</bordersize>
						<visible>$PARAM[focused]</visible>
						<include condition="$PARAM[focused]">Animation_FocusTextureFade</include>
					</control>
					<control type="textbox">
						<left>24</left>
						<right>24</right>
						<bottom>40</bottom>
						<height>50</height>
						<font>font27</font>
						<align>center</align>
						<aligny>center</aligny>
						<label>$INFO[ListItem.Label]</label>
						<autoscroll time="2000" delay="3000" repeat="5000">$PARAM[focused]</autoscroll>
						<visible>!StringCompare(ListItem.Label,..)</visible>
					</control>
					<control type="image">
						<centerleft>50%</centerleft>
						<centertop>50%</centertop>
						<left>8</left>
						<right>8</right>
						<top>8</top>
						<height>80%</height>
						<texture fallback="$PARAM[fallback_image]" background="true">$PARAM[noposter]</texture>
						<aspectratio>keep</aspectratio>
						<bordersize>20</bordersize>
						<visible>!StringCompare(ListItem.Label,..)</visible>
					</control>
					<control type="image">
						<top>4</top>
						<left>4</left>
						<right>4</right>
						<bottom>4</bottom>
						<texture fallback="$PARAM[fallback_image]" background="true">$PARAM[noposter]</texture>
						<aspectratio>keep</aspectratio>
						<bordersize>20</bordersize>
						<visible>StringCompare(ListItem.Label,..)</visible>
					</control>
				</control>
				<control type="group">
					<visible>!IsEmpty($PARAM[value_poster])</visible>
					<control type="image">
						<texture colordiffuse="$VAR[MainColorVar]">colors/grey.png</texture>
						<bordertexture border="21">overlays/shadow.png</bordertexture>
						<bordersize>20</bordersize>
						<visible>$PARAM[focused]</visible>
						<include condition="$PARAM[focused]">Animation_FocusTextureFade</include>
					</control>
					<control type="image">
						<top>4</top>
						<left>4</left>
						<right>4</right>
						<bottom>4</bottom>
						<texture background="true">$PARAM[poster]</texture>
						<aspectratio>scale</aspectratio>
						<bordertexture border="21">overlays/shadow.png</bordertexture>
						<bordersize>20</bordersize>
						<visible>$PARAM[border]</visible>
					</control>
					<control type="image">
						<top>4</top>
						<left>4</left>
						<right>4</right>
						<bottom>4</bottom>
						<texture background="true">$PARAM[poster]</texture>
						<aspectratio>scale</aspectratio>
						<bordersize>20</bordersize>
						<visible>!$PARAM[border]</visible>
					</control>
					<control type="image">
						<left>24</left>
						<bottom>24</bottom>
						<width>80</width>
						<height>80</height>
						<texture>overlays/overlay-bg.png</texture>
						<visible>$PARAM[overlaybg]</visible>
						<visible>$PARAM[watched]</visible>
					</control>
				</control>
				<control type="group">
					<visible>$PARAM[istvshows] + !IsEmpty($PARAM[totalepisodes])</visible>
					<visible>$PARAM[tvshows]</visible>
					<control type="image">
						<left>24</left>
						<right>24</right>
						<bottom>24</bottom>
						<height>50</height>
						<texture colordiffuse="CCFFFFFF">overlays/overlayfade.png</texture>
						<visible>!IsEmpty($PARAM[value_poster])</visible>
					</control>
					<control type="label">
						<right>65</right>
						<width>244</width>
						<height>24</height>
						<bottom>34</bottom>
						<label>$INFO[$PARAM[watchedepisodes]]$INFO[$PARAM[totalepisodes], / ,]</label>
						<font>font20_title</font>
						<shadowcolor>text_shadow</shadowcolor>
						<align>right</align>
					</control>
					<control type="image">
						<right>32</right>
						<width>24</width>
						<height>24</height>
						<bottom>32</bottom>
						<texture>lists/played-total.png</texture>
					</control>
				</control>
				<control type="image">
					<left>24</left>
					<bottom>24</bottom>
					<width>32</width>
					<height>32</height>
					<texture>$PARAM[watchedicon]</texture>
					<visible>$PARAM[watched]</visible>
				</control>
				<control type="progress">
					<left>24</left>
					<right>24</right>
					<bottom>44</bottom>
					<height>1</height>
					<texturebg></texturebg>
					<midtexture colordiffuse="$VAR[MainColorVar]" border="3">progress/texturebg_alt_white.png</midtexture>
					<info>$PARAM[percentplayed]</info>
					<visible>!$PARAM[ispercentplayed]</visible>
					<visible>$PARAM[progress]</visible>
				</control>
				<control type="group">
					<visible>$PARAM[rating]</visible>
					<centerleft>50%</centerleft>
					<width>44</width>
					<top>4</top>
					<include name="UserRatingCircle">
						<param name="userratingval" value="$PARAM[userratingval]" />
					</include>
				</control>
			</control>
		</definition>
	</include>
	<include name="View_54_InfoWall">
		<control type="group">
			<include>OpenClose_Right</include>
			<left>100</left>
			<top>0</top>
			<visible>Control.IsVisible(54)</visible>
			<include>Visible_Right</include>
			<control type="panel" id="54">
				<left>490</left>
				<top>0</top>
				<right>15</right>
				<height>100%</height>
				<onleft>9000</onleft>
				<onright>531</onright>
				<onup condition="IntegerGreaterThan(Container.NumPages,1)">54</onup>
				<onup condition="!IntegerGreaterThan(Container.NumPages,1)">9000</onup>
				<ondown>54</ondown>
				<viewtype label="31101">icon</viewtype>
				<preloaditems>2</preloaditems>
				<pagecontrol>531</pagecontrol>
				<scrolltime tween="cubic" easing="out">500</scrolltime>
				<visible>Container.Content(artists) | Container.Content(albums) | Container.Content(sets) | Container.Content(movies) | Container.Content(tvshows) | Container.Content(seasons) | Container.Content(episodes) | Container.Content(musicvideos) | Container.Content(images) | Container.Content(videos)</visible>
				<itemlayout height="445" width="320" condition="Container.Content(movies) | Container.Content(sets) | Container.Content(tvshows) | Container.Content(seasons)">
					<control type="group">
						<left>30</left>
						<top>120</top>
						<include>InfoWallMovieLayout</include>
					</control>
				</itemlayout>
				<focusedlayout height="445" width="320" condition="Container.Content(movies) | Container.Content(sets) | Container.Content(tvshows) | Container.Content(seasons)">
					<control type="group">
						<depth>DepthContentPopout</depth>
						<left>30</left>
						<animation effect="zoom" start="100" end="110" time="200" tween="sine" easing="inout" center="190,300">Focus</animation>
						<animation effect="zoom" start="110" end="100" time="200" tween="sine" easing="inout" center="190,300">UnFocus</animation>
						<top>120</top>
						<include name="InfoWallMovieLayout">
							<param name="focused" value="true" />
						</include>
					</control>
				</focusedlayout>
				<itemlayout height="300" width="300" condition="Container.Content(episodes) | Container.Content(videos) | Container.Content(musicvideos)">
					<control type="group">
						<left>64</left>
						<top>110</top>
						<include name="InfoWallEpisodeLayout">
							<param name="focused" value="false" />
							<param name="thumb_label" value="$INFO[ListItem.Label2]" />
						</include>
					</control>
				</itemlayout>
				<focusedlayout height="300" width="300" condition="Container.Content(episodes) | Container.Content(videos) | Container.Content(musicvideos)">
					<control type="group">
						<depth>DepthContentPopout</depth>
						<animation effect="zoom" start="100" end="110" time="200" tween="sine" easing="inout" center="220,250">Focus</animation>
						<animation effect="zoom" start="110" end="100" time="200" tween="sine" easing="inout" center="220,250">UnFocus</animation>
						<left>64</left>
						<top>110</top>
						<include name="InfoWallEpisodeLayout">
							<param name="focused" value="true" />
							<param name="thumb_label" value="$INFO[ListItem.Label2]" />
						</include>
					</control>
				</focusedlayout>
				<itemlayout height="410" width="310" condition="Container.Content(artists) | Container.Content(albums)">
					<control type="group">
						<top>150</top>
						<left>40</left>
						<include>InfoWallMusicLayout</include>
					</control>
				</itemlayout>
				<focusedlayout height="410" width="310" condition="Container.Content(artists) | Container.Content(albums)">
					<control type="group">
						<depth>DepthContentPopout</depth>
						<animation effect="zoom" start="100" end="115" time="200" tween="sine" easing="inout" center="200,350">Focus</animation>
						<animation effect="zoom" start="115" end="100" time="200" tween="sine" easing="inout" center="200,350">UnFocus</animation>
						<top>150</top>
						<left>40</left>
						<include name="InfoWallMusicLayout">
							<param name="focused" value="true" />
						</include>
					</control>
				</focusedlayout>
				<itemlayout height="410" width="310" condition="Container.Content(images)">
					<control type="group">
						<top>150</top>
						<left>0</left>
						<include>PictureLayout</include>
					</control>
				</itemlayout>
				<focusedlayout height="410" width="310" condition="Container.Content(images)">
					<control type="group">
						<depth>DepthContentPopout</depth>
						<animation effect="zoom" start="100" end="115" time="200" tween="sine" easing="inout" center="200,350">Focus</animation>
						<animation effect="zoom" start="115" end="100" time="200" tween="sine" easing="inout" center="200,350">UnFocus</animation>
						<top>150</top>
						<left>0</left>
						<include name="PictureLayout">
							<param name="focused" value="true" />
						</include>
					</control>
				</focusedlayout>
			</control>
		</control>
	</include>
</includes>
