<window>
	<include>Animation_DialogPopupOpenClose</include>
	<depth>DepthDialog+</depth>
	<controls>
		<control type="group">
			<width>1220</width>
			<centerleft>50%</centerleft>
			<centertop>50%</centertop>
			<height>712</height>
			<include name="DialogBackgroundCommons">
				<param name="width" value="1220" />
				<param name="height" value="712" />
				<param name="header_label" value="" />
				<param name="header_id" value="2" />
			</include>
			<control type="label" id="4">
				<description>List Label</description>
				<textoffsetx>70</textoffsetx>
				<left>-30</left>
				<top>70</top>
				<width>1220</width>
				<height>70</height>
				<font>font20</font>
				<align>left</align>
				<aligny>center</aligny>
			</control>
			<control type="image">
				<left>0</left>
				<top>119</top>
				<width>920</width>
				<height>596</height>
				<texture border="40">buttons/dialogbutton-nofo.png</texture>
			</control>
			<control type="list" id="10">
				<left>20</left>
				<top>139</top>
				<width>880</width>
				<height>556</height>
				<onup>10</onup>
				<ondown>10</ondown>
				<onleft>9001</onleft>
				<onright>9001</onright>
				<scrolltime>200</scrolltime>
				<itemlayout height="69">
					<control type="label">
						<left>0</left>
						<textoffsetx>20</textoffsetx>
						<top>0</top>
						<width>880</width>
						<height>69</height>
						<aligny>center</aligny>
						<textcolor>grey</textcolor>
						<label>$INFO[ListItem.Label]</label>
						<font>font13</font>
					</control>
				</itemlayout>
				<focusedlayout height="69">
					<control type="image">
						<left>0</left>
						<top>0</top>
						<width>880</width>
						<height>69</height>
						<texture colordiffuse="$VAR[MainColorVar]">lists/focus.png</texture>
						<animation effect="fade" start="100" end="40" time="100" condition="ControlGroup(9001).HasFocus">Conditional</animation>
					</control>
					<control type="label">
						<left>0</left>
						<textoffsetx>20</textoffsetx>
						<top>0</top>
						<width>880</width>
						<height>69</height>
						<aligny>center</aligny>
						<label>$INFO[ListItem.Label]</label>
						<font>font13</font>
					</control>
				</focusedlayout>
			</control>
			<control type="label">
				<description>number of files/pages in list text label</description>
				<left>925</left>
				<top>626</top>
				<width>275</width>
				<height>35</height>
				<font>font12</font>
				<align>right</align>
				<aligny>center</aligny>
				<textcolor>grey</textcolor>
				<label>[COLOR $VAR[MainColorVar]]$INFO[Container(10).NumItems][/COLOR] $LOCALIZE[31036] - $LOCALIZE[31035] [COLOR $VAR[MainColorVar]]$INFO[Container(10).CurrentPage]/$INFO[Container(10).NumPages][/COLOR]</label>
			</control>
			<control type="grouplist" id="9001">
				<left>920</left>
				<top>80</top>
				<onup>9001</onup>
				<ondown>9001</ondown>
				<onleft>10</onleft>
				<onright>10</onright>
				<itemgap>-20</itemgap>
				<control type="button" id="13">
					<width>300</width>
					<height>90</height>
					<label>15019</label>
					<font>font12_title</font>
					<textcolor>white</textcolor>
					<textoffsetx>20</textoffsetx>
					<align>center</align>
					<texturefocus border="40" colordiffuse="$VAR[MainColorVar]">buttons/dialogbutton-fo.png</texturefocus>
					<texturenofocus border="40">buttons/dialogbutton-nofo.png</texturenofocus>
				</control>
				<control type="button" id="14">
					<width>300</width>
					<height>90</height>
					<label>15015</label>
					<font>font12_title</font>
					<textcolor>white</textcolor>
					<textoffsetx>20</textoffsetx>
					<align>center</align>
					<texturefocus border="40" colordiffuse="$VAR[MainColorVar]">buttons/dialogbutton-fo.png</texturefocus>
					<texturenofocus border="40">buttons/dialogbutton-nofo.png</texturenofocus>
				</control>
				<control type="button" id="11">
					<width>300</width>
					<height>90</height>
					<font>font12_title</font>
					<textcolor>white</textcolor>
					<textoffsetx>20</textoffsetx>
					<align>center</align>
					<texturefocus border="40" colordiffuse="$VAR[MainColorVar]">buttons/dialogbutton-fo.png</texturefocus>
					<texturenofocus border="40">buttons/dialogbutton-nofo.png</texturenofocus>
				</control>
				<control type="button" id="18">
					<width>300</width>
					<height>90</height>
					<label>186</label>
					<font>font12_title</font>
					<textcolor>white</textcolor>
					<textoffsetx>20</textoffsetx>
					<align>center</align>
					<texturefocus border="40" colordiffuse="$VAR[MainColorVar]">buttons/dialogbutton-fo.png</texturefocus>
					<texturenofocus border="40">buttons/dialogbutton-nofo.png</texturenofocus>
				</control>
				<control type="button" id="19">
					<width>300</width>
					<height>90</height>
					<label>222</label>
					<font>font12_title</font>
					<textcolor>white</textcolor>
					<textoffsetx>20</textoffsetx>
					<align>center</align>
					<texturefocus border="40" colordiffuse="$VAR[MainColorVar]">buttons/dialogbutton-fo.png</texturefocus>
					<texturenofocus border="40">buttons/dialogbutton-nofo.png</texturenofocus>
				</control>
			</control>
		</control>
	</controls>
</window>
