<?xml version="1.0" encoding="UTF-8"?>
<window id="3033">
	<defaultcontrol>1000</defaultcontrol>
	<onload>SetProperty(fanarthometype,settings,home)</onload>
	<onload>SetProperty(homebackground,$VAR[BackgroundSettingsVar],home)</onload>
	<backgroundcolor>background</backgroundcolor>
	<controls>
		<!-- Background -->
		<include>DefaultBackground</include>
		<control type="group">
			<depth>DepthContentPanel</depth>
			<left>0</left>
			<include>OpenClose_Left</include>
			<include name="ContentPanel">
				<param name="width" value="530" />
			</include>
			<!-- Main Menu (left) -->
			<control type="list" id="1000">
				<description>button area</description>
				<left>0</left>
				<top>160</top>
				<width>470</width>
				<height>720</height>
				<onleft>1500</onleft>
				<pagecontrol>-</pagecontrol>
				<scrolltime>300</scrolltime>
				<itemlayout height="90" width="470">
					<control type="label">
						<textoffsetx>40</textoffsetx>
						<width>470</width>
						<height>90</height>
						<font>font37</font>
						<aligny>center</aligny>
						<textcolor>white</textcolor>
						<label>$INFO[ListItem.Label]</label>
					</control>
				</itemlayout>
				<focusedlayout height="90" width="470">
					<control type="image">
						<width>470</width>
						<height>90</height>
						<texture colordiffuse="$VAR[MainColorVar]">lists/focus.png</texture>
						<animation effect="fade" start="100" end="50" time="40" condition="!Control.HasFocus(1000)">Conditional</animation>
					</control>
					<control type="label">
						<textoffsetx>40</textoffsetx>
						<width>470</width>
						<height>90</height>
						<font>font37</font>
						<aligny>center</aligny>
						<textcolor>white</textcolor>
						<label>$INFO[ListItem.Label]</label>
					</control>
				</focusedlayout>
			</control>
			<control type="image">
				<left>0</left>
				<bottom>134</bottom>
				<width>470</width>
				<height>3</height>
				<texture colordiffuse="$VAR[MainColorVar]" border="2">dialogs/separator-grey.png</texture>
			</control>
			<control type="image">
				<description>LOGO</description>
				<left>55</left>
				<bottom>0</bottom>
				<width>360</width>
				<height>160</height>
				<aspectratio>keep</aspectratio>
				<texture>os/libreelec/Logo.png</texture>
			</control>
			<control type="group">
				<left>470</left>
				<include>OpenClose_Right</include>
				<!-- Other Content -->
				<control type="group" id="1900">
					<top>160</top>
					<left>0</left>
					<right>0</right>
					<bottom>140</bottom>
					<visible>StringCompare(Container(1000).ListItem.Property(listTyp), 1900)</visible>
					<control type="image">
						<left>1120</left>
						<top>20</top>
						<width>300</width>
						<height>300</height>
						<texture border="1">os/libreelec/logo_big.png</texture>
					</control>
					<control type="image">
						<left>0</left>
						<top>170</top>
						<width>1100</width>
						<height>3</height>
						<texture colordiffuse="$VAR[MainColorVar]" border="2">dialogs/separator-grey.png</texture>
					</control>
					<control type="label">
						<left>35</left>
						<top>30</top>
						<width>300</width>
						<height>20</height>
						<textcolor>$VAR[MainColorVar]</textcolor>
						<align>left</align>
						<aligny>center</aligny>
						<label>$ADDON[service.libreelec.settings 606]</label>
					</control>
					<control type="label">
						<left>300</left>
						<top>35</top>
						<width>500</width>
						<height>20</height>
						<textcolor>white</textcolor>
						<align>left</align>
						<aligny>center</aligny>
						<label>$INFO[Window.Property(Distri)] ($INFO[Window.Property(build)])</label>
					</control>
					<control type="label">
						<left>40</left>
						<top>75</top>
						<width>300</width>
						<height>20</height>
						<textcolor>$VAR[MainColorVar]</textcolor>
						<align>left</align>
						<aligny>center</aligny>
						<label>$ADDON[service.libreelec.settings 607]</label>
					</control>
					<control type="label">
						<left>300</left>
						<top>75</top>
						<width>700</width>
						<height>16</height>
						<textcolor>white</textcolor>
						<align>left</align>
						<aligny>center</aligny>
						<label>$INFO[Window.Property(Version)]</label>
					</control>
					<control type="label">
						<left>40</left>
						<top>115</top>
						<width>300</width>
						<height>16</height>
						<textcolor>$VAR[MainColorVar]</textcolor>
						<align>left</align>
						<aligny>center</aligny>
						<label>$ADDON[service.libreelec.settings 608]</label>
					</control>
					<control type="label">
						<left>300</left>
						<top>115</top>
						<width>500</width>
						<height>16</height>
						<textcolor>white</textcolor>
						<align>left</align>
						<aligny>center</aligny>
						<label>$INFO[Window.Property(Arch)]</label>
					</control>
					<control type="textbox">
						<left>40</left>
						<top>190</top>
						<width>1100</width>
						<height>170</height>
						<font>font10</font>
						<textcolor>white</textcolor>
						<label>$ADDON[service.libreelec.settings 609]</label>
						<autoscroll time="3000" delay="4000" repeat="5000">true</autoscroll>
					</control>
					<control type="textbox">
						<left>40</left>
						<top>350</top>
						<width>1450</width>
						<height>300</height>
						<font>font10</font>
						<textcolor>white</textcolor>
						<label>$ADDON[service.libreelec.settings 610]</label>
						<autoscroll time="3000" delay="4000" repeat="5000">true</autoscroll>
					</control>
					<control type="textbox">
						<left>40</left>
						<top>700</top>
						<width>1400</width>
						<height>100</height>
						<font>font10</font>
						<textcolor>white</textcolor>
						<align>left</align>
						<label>$ADDON[service.libreelec.settings 611]</label>
						<autoscroll time="3000" delay="4000" repeat="5000">true</autoscroll>
					</control>
				</control>
				<!-- simple list content -->
				<control type="list" id="1100">
					<top>160</top>
					<left>0</left>
					<right>0</right>
					<bottom>140</bottom>
					<onleft>1000</onleft>
					<onright>1500</onright>
					<scrolltime>300</scrolltime>
					<pagecontrol>1097</pagecontrol>
					<visible>StringCompare(Container(1000).ListItem.Property(listTyp), 1100)</visible>
					<itemlayout height="70">
						<!-- entry name and text value -->
						<control type="group">
							<visible>!StringCompare(ListItem.Property(Typ), separator)</visible>
							<control type="label">
								<aligny>center</aligny>
								<textoffsetx>40</textoffsetx>
								<width>1450</width>
								<height>70</height>
								<textcolor>white</textcolor>
								<info>ListItem.Label</info>
							</control>
							<control type="label">
								<align>right</align>
								<aligny>center</aligny>
								<textoffsetx>40</textoffsetx>
								<width>1450</width>
								<height>63</height>
								<textcolor>white</textcolor>
								<info>ListItem.Property(value)</info>
								<visible>!StringCompare(ListItem.Property(Typ), bool) + !StringCompare(ListItem.Property(Typ), button)</visible>
							</control>
						</control>
						<!-- section name / seperator -->
						<control type="group">
							<visible>StringCompare(ListItem.Property(Typ), separator)</visible>
							<control type="label">
								<width>1450</width>
								<height>70</height>
								<align>center</align>
								<aligny>center</aligny>
								<font>font25_title</font>
								<textcolor>grey</textcolor>
								<shadowcolor>black</shadowcolor>
								<info>ListItem.Label</info>
								<visible>true</visible>
							</control>
							<control type="image">
								<width>1450</width>
								<top>67</top>
								<height>3</height>
								<texture colordiffuse="AAAAAAAA" border="3">dialogs/separator-grey.png</texture>
							</control>
						</control>
						<!-- boolean value -->
						<control type="group">
							<visible>StringCompare(ListItem.Property(Typ), bool)</visible>
							<control type="image">
								<left>1330</left>
								<width>110</width>
								<height>70</height>
								<texture>buttons/radio-button-off.png</texture>
								<visible>StringCompare(ListItem.Property(value), 0) | StringCompare(ListItem.Property(value), false) | IsEmpty(ListItem.Property(value))</visible>
							</control>
							<control type="image">
								<left>1330</left>
								<width>110</width>
								<height>70</height>
								<texture>buttons/radio-button-on.png</texture>
								<visible>StringCompare(ListItem.Property(value), 1) | StringCompare(ListItem.Property(value), true)</visible>
							</control>
						</control>
						<!-- button / execute value -->
						<control type="group">
							<visible>StringCompare(ListItem.Property(Typ), button)</visible>
							<control type="image">
								<left>1360</left>
								<top>15</top>
								<width>40</width>
								<height>40</height>
								<texture>icons/settings.png</texture>
							</control>
						</control>
					</itemlayout>
					<focusedlayout height="70">
						<!-- entry name and text value -->
						<control type="group">
							<visible>!StringCompare(ListItem.Property(Typ), separator)</visible>
							<control type="image">
								<width>1450</width>
								<height>70</height>
								<visible>Control.HasFocus(1100)</visible>
								<texture colordiffuse="$VAR[MainColorVar]">lists/focus.png</texture>
							</control>
							<control type="label">
								<aligny>center</aligny>
								<textoffsetx>40</textoffsetx>
								<width>1450</width>
								<height>70</height>
								<textcolor>white</textcolor>
								<info>ListItem.Label</info>
							</control>
							<control type="label">
								<align>right</align>
								<aligny>center</aligny>
								<textoffsetx>40</textoffsetx>
								<width>1450</width>
								<height>70</height>
								<textcolor>white</textcolor>
								<info>ListItem.Property(value)</info>
								<visible>!StringCompare(ListItem.Property(Typ), bool) + !StringCompare(ListItem.Property(Typ), button)</visible>
							</control>
						</control>
						<!-- section name / seperator -->
						<control type="group">
							<visible>StringCompare(ListItem.Property(Typ), separator)</visible>
							<control type="label">
								<width>1450</width>
								<height>70</height>
								<align>center</align>
								<aligny>center</aligny>
								<font>font25_title</font>
								<textcolor>grey</textcolor>
								<shadowcolor>black</shadowcolor>
								<info>ListItem.Label</info>
								<visible>true</visible>
							</control>
							<control type="image">
								<width>1450</width>
								<top>67</top>
								<height>3</height>
								<texture colordiffuse="AAAAAAAA" border="3">dialogs/separator-grey.png</texture>
							</control>
						</control>
						<!-- boolean value -->
						<control type="group">
							<visible>StringCompare(ListItem.Property(Typ), bool)</visible>
							<control type="image">
								<left>1330</left>
								<width>110</width>
								<height>70</height>
								<texture>buttons/radio-button-off.png</texture>
								<visible>StringCompare(ListItem.Property(value), 0) | StringCompare(ListItem.Property(value), false) | IsEmpty(ListItem.Property(value))</visible>
							</control>
							<control type="image">
								<left>1330</left>
								<width>110</width>
								<height>70</height>
								<texture>buttons/radio-button-on.png</texture>
								<visible>StringCompare(ListItem.Property(value), 1) | StringCompare(ListItem.Property(value), true)</visible>
							</control>
						</control>
						<!-- button / execute value -->
						<control type="group">
							<visible>StringCompare(ListItem.Property(Typ), button)</visible>
							<control type="image">
								<left>1360</left>
								<top>15</top>
								<width>40</width>
								<height>40</height>
								<texture>icons/settings.png</texture>
							</control>
						</control>
					</focusedlayout>
				</control>
				<!-- Network Menu Content -->
				<control type="list" id="1200">
					<top>160</top>
					<left>0</left>
					<right>0</right>
					<bottom>140</bottom>
					<onleft>1000</onleft>
					<onright>1500</onright>
					<pagecontrol>1098</pagecontrol>
					<scrolltime>300</scrolltime>
					<visible>StringCompare(Container(1000).ListItem.Property(listTyp), 1200)</visible>
					<itemlayout height="100">
						<!-- Icon ethernet -->
						<control type="image">
							<left>40</left>
							<top>25</top>
							<width>48</width>
							<height>48</height>
							<aspectratio>keep</aspectratio>
							<visible>StringCompare(ListItem.Property(netType), ethernet)</visible>
							<texture>icons/eth.png</texture>
						</control>
						<!-- Icon wifi -->
						<control type="image">
							<left>40</left>
							<top>25</top>
							<width>48</width>
							<height>48</height>
							<aspectratio>keep</aspectratio>
							<visible>StringCompare(ListItem.Property(netType), wifi)</visible>
							<texture>os/libreelec/icons/wlan.png</texture>
						</control>
						<!-- Connection Name -->
						<control type="label">
							<left>140</left>
							<top>10</top>
							<width>300</width>
							<height>30</height>
							<font>font24_title</font>
							<textcolor>white</textcolor>
							<info>ListItem.Label</info>
							<visible>true</visible>
						</control>
						<!-- Interface -->
						<control type="label">
							<left>140</left>
							<top>49</top>
							<width>300</width>
							<height>20</height>
							<font>font12</font>
							<textcolor>$VAR[MainColorVar]</textcolor>
							<label>$ADDON[service.libreelec.settings 601]: [COLOR white]$INFO[ListItem.Property(Interface)][/COLOR]</label>
							<visible>!IsEmpty(ListItem.Property(Interface))</visible>
						</control>
						<!-- Connection Address -->
						<control type="label">
							<left>740</left>
							<top>49</top>
							<width>290</width>
							<height>20</height>
							<font>font12</font>
							<textcolor>$VAR[MainColorVar]</textcolor>
							<visible>StringCompare(ListItem.Property(State), online) | StringCompare(ListItem.Property(State), ready)</visible>
							<label>$ADDON[service.libreelec.settings 602]: [COLOR white]$INFO[ListItem.Property(Address)][/COLOR]</label>
						</control>
						<!-- Method -->
						<control type="label">
							<left>500</left>
							<top>49</top>
							<width>200</width>
							<height>20</height>
							<font>font12</font>
							<textcolor>$VAR[MainColorVar]</textcolor>
							<label>$ADDON[service.libreelec.settings 603]: [COLOR white]$INFO[ListItem.Property(Method)][/COLOR]</label>
						</control>
						<!-- State -->
						<control type="label">
							<left>500</left>
							<top>20</top>
							<width>200</width>
							<height>20</height>
							<font>font12</font>
							<textcolor>$VAR[MainColorVar]</textcolor>
							<label>$ADDON[service.libreelec.settings 604]: [COLOR white]$INFO[ListItem.Property(State)][/COLOR]</label>
						</control>
						<!-- Signal strength -->
						<control type="progress">
							<left>10</left>
							<top>80</top>
							<width>1236</width>
							<height>3</height>
							<info>ListItem.Property(Strength)</info>
							<visible>StringCompare(ListItem.Property(netType), wifi)</visible>
							<texturebg />
							<lefttexture />
							<righttexture />
							<overlaytexture />
							<midtexture colordiffuse="$VAR[MainColorVar]" border="2">os/libreelec/separator-grey.png</midtexture>
						</control>
						<!-- Signal strength value -->
						<control type="label">
							<left>1190</left>
							<top>66</top>
							<width>40</width>
							<height>40</height>
							<font>font10</font>
							<align>right</align>
							<textcolor>white</textcolor>
							<info>ListItem.Property(Strength)</info>
							<visible>StringCompare(ListItem.Property(netType), wifi)</visible>
						</control>
						<!-- Online Symbol (top right) -->
						<control type="image">
							<left>1238</left>
							<top>20</top>
							<width>36</width>
							<height>36</height>
							<aspectratio>keep</aspectratio>
							<visible>StringCompare(ListItem.Property(State), online)</visible>
							<texture>os/libreelec/icons/connected.png</texture>
						</control>
						<!-- Favorite Symbol (bottom right) -->
						<control type="image">
							<left>1180</left>
							<top>50</top>
							<width>20</width>
							<height>20</height>
							<aspectratio>keep</aspectratio>
							<visible>StringCompare(ListItem.Property(Favorite), 1)</visible>
							<texture>os/libreelec/icons/Favorite.png</texture>
						</control>
						<!-- Secure Symbol (bottom right) -->
						<control type="image">
							<left>1210</left>
							<top>50</top>
							<width>20</width>
							<height>20</height>
							<aspectratio>keep</aspectratio>
							<visible>IntegerGreaterThan(ListItem.Property(Security), 0)</visible>
							<texture>os/libreelec/icons/Key.png</texture>
						</control>
					</itemlayout>
					<focusedlayout height="100">
						<control type="image">
							<width>1450</width>
							<height>100</height>
						   <texture colordiffuse="$VAR[MainColorVar]">lists/focus.png</texture>
							<visible>Control.HasFocus(1200)</visible>
						</control>
						<!-- Icon ethernet -->
						<control type="image">
							<left>40</left>
							<top>25</top>
							<width>48</width>
							<height>48</height>
							<aspectratio>keep</aspectratio>
							<visible>StringCompare(ListItem.Property(netType), ethernet)</visible>
							<texture>os/libreelec/icons/eth.png</texture>
						</control>
						<!-- Icon wifi -->
						<control type="image">
							<left>40</left>
							<top>25</top>
							<width>48</width>
							<height>48</height>
							<aspectratio>keep</aspectratio>
							<visible>StringCompare(ListItem.Property(netType), wifi)</visible>
							<texture>os/libreelec/icons/wlan.png</texture>
						</control>
						<!-- Connection Name -->
						<control type="label">
							<left>140</left>
							<top>10</top>
							<width>300</width>
							<height>30</height>
							<font>font24_title</font>
							<textcolor>white</textcolor>
							<info>ListItem.Label</info>
							<visible>true</visible>
						</control>
						<!-- Interface -->
						<control type="label">
							<left>140</left>
							<top>49</top>
							<width>300</width>
							<height>20</height>
							<font>font12</font>
							<textcolor>$VAR[MainColorVar]</textcolor>
							<label>$ADDON[service.libreelec.settings 601]: [COLOR white]$INFO[ListItem.Property(Interface)][/COLOR]</label>
							<visible>!IsEmpty(ListItem.Property(Interface))</visible>
						</control>
						<!-- Connection Address -->
						<control type="label">
							<left>740</left>
							<top>49</top>
							<width>290</width>
							<height>20</height>
							<font>font12</font>
							<textcolor>$VAR[MainColorVar]</textcolor>
							<visible>StringCompare(ListItem.Property(State), online) | StringCompare(ListItem.Property(State), ready)</visible>
							<label>$ADDON[service.libreelec.settings 602]: [COLOR white]$INFO[ListItem.Property(Address)][/COLOR]</label>
						</control>
						<!-- Method -->
						<control type="label">
							<left>500</left>
							<top>49</top>
							<width>200</width>
							<height>20</height>
							<font>font12</font>
							<textcolor>$VAR[MainColorVar]</textcolor>
							<label>$ADDON[service.libreelec.settings 603]: [COLOR white]$INFO[ListItem.Property(Method)][/COLOR]</label>
						</control>
						<!-- State -->
						<control type="label">
							<left>500</left>
							<top>20</top>
							<width>200</width>
							<height>20</height>
							<font>font12</font>
							<textcolor>$VAR[MainColorVar]</textcolor>
							<label>$ADDON[service.libreelec.settings 604]: [COLOR white]$INFO[ListItem.Property(State)][/COLOR]</label>
						</control>
						<!-- Signal strength -->
						<control type="progress">
							<left>10</left>
							<top>80</top>
							<width>1236</width>
							<height>3</height>
							<info>ListItem.Property(Strength)</info>
							<visible>StringCompare(ListItem.Property(netType), wifi)</visible>
							<texturebg />
							<lefttexture />
							<righttexture />
							<overlaytexture />
							<midtexture colordiffuse="$VAR[MainColorVar]" border="2">os/libreelec/separator-grey.png</midtexture>
						</control>
						<!-- Signal strength value -->
						<control type="label">
							<left>1190</left>
							<top>66</top>
							<width>40</width>
							<height>40</height>
							<font>font10</font>
							<align>right</align>
							<textcolor>white</textcolor>
							<info>ListItem.Property(Strength)</info>
							<visible>StringCompare(ListItem.Property(netType), wifi)</visible>
						</control>
						<!-- Online Symbol (top right) -->
						<control type="image">
							<left>1238</left>
							<top>20</top>
							<width>36</width>
							<height>36</height>
							<aspectratio>keep</aspectratio>
							<visible>StringCompare(ListItem.Property(State), online)</visible>
							<texture>os/libreelec/icons/connected.png</texture>
						</control>
						<!-- Favorite Symbol (bottom right) -->
						<control type="image">
							<left>1180</left>
							<top>50</top>
							<width>20</width>
							<height>20</height>
							<aspectratio>keep</aspectratio>
							<visible>StringCompare(ListItem.Property(Favorite), 1)</visible>
							<texture>os/libreelec/icons/Favorite.png</texture>
						</control>
						<!-- Secure Symbol (bottom right) -->
						<control type="image">
							<left>1210</left>
							<top>50</top>
							<width>20</width>
							<height>20</height>
							<aspectratio>keep</aspectratio>
							<visible>IntegerGreaterThan(ListItem.Property(Security), 0)</visible>
							<texture>os/libreelec/icons/Key.png</texture>
						</control>
					</focusedlayout>
				</control>
				<!-- Bluetooth Menu Content -->
				<control type="label" id="1301">
					<align>center</align>
					<aligny>center</aligny>
					<width>1450</width>
					<height>1080</height>
					<info />
					<align>center</align>
					<visible>StringCompare(Container(1000).ListItem.Property(listTyp), 1300) + StringCompare(Container(1300).NumItems, 0)</visible>
				</control>
				<control type="list" id="1300">
					<top>160</top>
					<left>0</left>
					<right>0</right>
					<bottom>140</bottom>
					<onleft>1000</onleft>
					<onright>1500</onright>
					<pagecontrol>1099</pagecontrol>
					<scrolltime>300</scrolltime>
					<visible>StringCompare(Container(1000).ListItem.Property(listTyp), 1300)</visible>
					<itemlayout height="100">
						<!-- default -->
						<control type="image">
							<left>40</left>
							<top>25</top>
							<width>48</width>
							<height>48</height>
							<aspectratio>keep</aspectratio>
							<visible>StringCompare(ListItem.Property(Icon), default)</visible>
							<texture>os/libreelec/icons/bt.png</texture>
						</control>
						<!-- modem -->
						<control type="image">
							<left>40</left>
							<top>25</top>
							<width>48</width>
							<height>48</height>
							<aspectratio>keep</aspectratio>
							<visible>StringCompare(ListItem.Property(Icon), modem)</visible>
							<texture>os/libreelec/icons/bt-modem.png</texture>
						</control>
						<!-- audio -->
						<control type="image">
							<left>40</left>
							<top>25</top>
							<width>48</width>
							<height>48</height>
							<aspectratio>keep</aspectratio>
							<visible>StringCompare(ListItem.Property(Icon), audio-card)</visible>
							<texture>os/libreelec/icons/bt-audio-card.png</texture>
						</control>
						<!-- Camera Photo -->
						<control type="image">
							<left>40</left>
							<top>25</top>
							<width>48</width>
							<height>48</height>
							<aspectratio>keep</aspectratio>
							<visible>StringCompare(ListItem.Property(Icon), camera-photo)</visible>
							<texture>os/libreelec/icons/bt-camera-photo.png</texture>
						</control>
						<!-- Icon phone -->
						<control type="image">
							<left>40</left>
							<top>25</top>
							<width>48</width>
							<height>48</height>
							<aspectratio>keep</aspectratio>
							<visible>StringCompare(ListItem.Property(Icon), phone)</visible>
							<texture>os/libreelec/icons/bt-phone.png</texture>
						</control>
						<!-- camera-video -->
						<control type="image">
							<left>40</left>
							<top>25</top>
							<width>48</width>
							<height>48</height>
							<aspectratio>keep</aspectratio>
							<visible>StringCompare(ListItem.Property(Icon), camera-video)</visible>
							<texture>os/libreelec/icons/bt-camera-video.png</texture>
						</control>
						<!-- input-mouse -->
						<control type="image">
							<left>40</left>
							<top>25</top>
							<width>48</width>
							<height>48</height>
							<aspectratio>keep</aspectratio>
							<visible>StringCompare(ListItem.Property(Icon), input-mouse)</visible>
							<texture>os/libreelec/icons/bt-input-mouse.png</texture>
						</control>
						<!-- input-gaming -->
						<control type="image">
							<left>40</left>
							<top>25</top>
							<width>48</width>
							<height>48</height>
							<aspectratio>keep</aspectratio>
							<visible>StringCompare(ListItem.Property(Icon), input-gaming)</visible>
							<texture>os/libreelec/icons/bt-input-gaming.png</texture>
						</control>
						<!-- input-keyboard -->
						<control type="image">
							<left>40</left>
							<top>25</top>
							<width>48</width>
							<height>48</height>
							<aspectratio>keep</aspectratio>
							<visible>StringCompare(ListItem.Property(Icon), input-keyboard)</visible>
							<texture>os/libreelec/icons/bt-input-keyboard.png</texture>
						</control>
						<!-- input-tablet -->
						<control type="image">
							<left>40</left>
							<top>25</top>
							<width>48</width>
							<height>48</height>
							<aspectratio>keep</aspectratio>
							<visible>StringCompare(ListItem.Property(Icon), input-tablet)</visible>
							<texture>os/libreelec/icons/bt-input-tablet.png</texture>
						</control>
						<!-- Printer -->
						<control type="image">
							<left>40</left>
							<top>25</top>
							<width>48</width>
							<height>48</height>
							<aspectratio>keep</aspectratio>
							<visible>StringCompare(ListItem.Property(Icon), printer)</visible>
							<texture>os/libreelec/icons/bt-printer.png</texture>
						</control>
						<!-- Computer -->
						<control type="image">
							<left>40</left>
							<top>25</top>
							<width>48</width>
							<height>48</height>
							<aspectratio>keep</aspectratio>
							<visible>StringCompare(ListItem.Property(Icon), computer)</visible>
							<texture>os/libreelec/icons/bt-computer.png</texture>
						</control>
						<!-- Connection Name -->
						<control type="label">
							<left>140</left>
							<top>10</top>
							<width>490</width>
							<height>30</height>
							<font>font24_title</font>
							<textcolor>white</textcolor>
							<info>ListItem.Label</info>
							<visible>true</visible>
						</control>
						<!-- Connection Address -->
						<control type="label">
							<left>650</left>
							<top>49</top>
							<width>340</width>
							<height>20</height>
							<font>font12</font>
							<textcolor>$VAR[MainColorVar]</textcolor>
							<label>$ADDON[service.libreelec.settings 605]: [COLOR white]$INFO[ListItem.Property(Address)][/COLOR]</label>
						</control>
						<!-- Connected State -->
						<control type="label">
							<left>650</left>
							<top>20</top>
							<width>340</width>
							<height>20</height>
							<font>font12</font>
							<textcolor>$VAR[MainColorVar]</textcolor>
							<label>$ADDON[service.libreelec.settings 32333][COLOR white]$INFO[ListItem.Property(ConnectedState)][/COLOR]</label>
						</control>
						<!-- Paired Symbol (bottom right) -->
						<control type="image">
							<left>1180</left>
							<top>50</top>
							<width>20</width>
							<height>20</height>
							<aspectratio>keep</aspectratio>
							<visible>StringCompare(ListItem.Property(Paired), 1)</visible>
							<texture>os/libreelec/icons/Favorite.png</texture>
						</control>
						<!-- Trusted Symbol (bottom right) -->
						<control type="image">
							<left>1210</left>
							<top>50</top>
							<width>20</width>
							<height>20</height>
							<aspectratio>keep</aspectratio>
							<visible>IntegerGreaterThan(ListItem.Property(Trusted), 0)</visible>
							<texture>os/libreelec/icons/Key.png</texture>
						</control>
					</itemlayout>
					<focusedlayout height="100">
						<control type="image">
							<width>1450</width>
							<height>100</height>
							<texture colordiffuse="$VAR[MainColorVar]">lists/focus.png</texture>
							<visible>Control.HasFocus(1300)</visible>
						</control>
						<!-- default -->
						<control type="image">
							<left>40</left>
							<top>25</top>
							<width>48</width>
							<height>48</height>
							<aspectratio>keep</aspectratio>
							<visible>StringCompare(ListItem.Property(Icon), default)</visible>
							<texture>os/libreelec/icons/bt.png</texture>
						</control>
						<!-- modem -->
						<control type="image">
							<left>40</left>
							<top>25</top>
							<width>48</width>
							<height>48</height>
							<aspectratio>keep</aspectratio>
							<visible>StringCompare(ListItem.Property(Icon), modem)</visible>
							<texture>os/libreelec/icons/bt-modem.png</texture>
						</control>
						<!-- audio -->
						<control type="image">
							<left>40</left>
							<top>25</top>
							<width>48</width>
							<height>48</height>
							<aspectratio>keep</aspectratio>
							<visible>StringCompare(ListItem.Property(Icon), audio-card)</visible>
							<texture>os/libreelec/icons/bt-audio-card.png</texture>
						</control>
						<!-- Camera Photo -->
						<control type="image">
							<left>40</left>
							<top>25</top>
							<width>48</width>
							<height>48</height>
							<aspectratio>keep</aspectratio>
							<visible>StringCompare(ListItem.Property(Icon), camera-photo)</visible>
							<texture>os/libreelec/icons/bt-camera-photo.png</texture>
						</control>
						<!-- Icon phone -->
						<control type="image">
							<left>40</left>
							<top>25</top>
							<width>48</width>
							<height>48</height>
							<aspectratio>keep</aspectratio>
							<visible>StringCompare(ListItem.Property(Icon), phone)</visible>
							<texture>os/libreelec/icons/bt-phone.png</texture>
						</control>
						<!-- camera-video -->
						<control type="image">
							<left>40</left>
							<top>25</top>
							<width>48</width>
							<height>48</height>
							<aspectratio>keep</aspectratio>
							<visible>StringCompare(ListItem.Property(Icon), camera-video)</visible>
							<texture>os/libreelec/icons/bt-camera-video.png</texture>
						</control>
						<!-- input-mouse -->
						<control type="image">
							<left>40</left>
							<top>25</top>
							<width>48</width>
							<height>48</height>
							<aspectratio>keep</aspectratio>
							<visible>StringCompare(ListItem.Property(Icon), input-mouse)</visible>
							<texture>os/libreelec/icons/bt-input-mouse.png</texture>
						</control>
						<!-- input-gaming -->
						<control type="image">
							<left>40</left>
							<top>25</top>
							<width>48</width>
							<height>48</height>
							<aspectratio>keep</aspectratio>
							<visible>StringCompare(ListItem.Property(Icon), input-gaming)</visible>
							<texture>os/libreelec/icons/bt-input-gaming.png</texture>
						</control>
						<!-- input-keyboard -->
						<control type="image">
							<left>40</left>
							<top>25</top>
							<width>48</width>
							<height>48</height>
							<aspectratio>keep</aspectratio>
							<visible>StringCompare(ListItem.Property(Icon), input-keyboard)</visible>
							<texture>os/libreelec/icons/bt-input-keyboard.png</texture>
						</control>
						<!-- input-tablet -->
						<control type="image">
							<left>40</left>
							<top>25</top>
							<width>48</width>
							<height>48</height>
							<aspectratio>keep</aspectratio>
							<visible>StringCompare(ListItem.Property(Icon), input-tablet)</visible>
							<texture>os/libreelec/icons/bt-input-tablet.png</texture>
						</control>
						<!-- Printer -->
						<control type="image">
							<left>40</left>
							<top>25</top>
							<width>48</width>
							<height>48</height>
							<aspectratio>keep</aspectratio>
							<visible>StringCompare(ListItem.Property(Icon), printer)</visible>
							<texture>os/libreelec/icons/bt-printer.png</texture>
						</control>
						<!-- Computer -->
						<control type="image">
							<left>40</left>
							<top>25</top>
							<width>48</width>
							<height>48</height>
							<aspectratio>keep</aspectratio>
							<visible>StringCompare(ListItem.Property(Icon), computer)</visible>
							<texture>os/libreelec/icons/bt-computer.png</texture>
						</control>
						<!-- Connection Name -->
						<control type="label">
							<left>140</left>
							<top>10</top>
							<width>490</width>
							<height>30</height>
							<font>font24_title</font>
							<textcolor>white</textcolor>
							<info>ListItem.Label</info>
							<visible>true</visible>
						</control>
						<!-- Connection Address -->
						<control type="label">
							<left>650</left>
							<top>49</top>
							<width>340</width>
							<height>20</height>
							<font>font12</font>
							<textcolor>$VAR[MainColorVar]</textcolor>
							<label>$ADDON[service.libreelec.settings 605]: [COLOR white]$INFO[ListItem.Property(Address)][/COLOR]</label>
						</control>
						<!-- Connected State -->
						<control type="label">
							<left>650</left>
							<top>20</top>
							<width>340</width>
							<height>20</height>
							<font>font12</font>
							<textcolor>$VAR[MainColorVar]</textcolor>
							<label>$ADDON[service.libreelec.settings 32333][COLOR white]$INFO[ListItem.Property(ConnectedState)][/COLOR]</label>
						</control>
						<!-- Paired Symbol (bottom right) -->
						<control type="image">
							<left>1180</left>
							<top>50</top>
							<width>20</width>
							<height>20</height>
							<aspectratio>keep</aspectratio>
							<visible>StringCompare(ListItem.Property(Paired), 1)</visible>
							<texture>os/libreelec/icons/Favorite.png</texture>
						</control>
						<!-- Trusted Symbol (bottom right) -->
						<control type="image">
							<left>1210</left>
							<top>50</top>
							<width>20</width>
							<height>20</height>
							<aspectratio>keep</aspectratio>
							<visible>IntegerGreaterThan(ListItem.Property(Trusted), 0)</visible>
							<texture>os/libreelec/icons/Key.png</texture>
						</control>
					</focusedlayout>
				</control>
				<control type="image">
					<description>Dialog Header image</description>
					<left>0</left>
					<top>160</top>
					<right>0</right>
					<height>3</height>
					<texture colordiffuse="$VAR[MainColorVar]" border="2">dialogs/separator-grey.png</texture>
				</control>
				<control type="image">
					<description>Dialog Header image</description>
					<left>0</left>
					<bottom>134</bottom>
					<right>0</right>
					<height>3</height>
					<texture colordiffuse="$VAR[MainColorVar]" border="2">dialogs/separator-grey.png</texture>
				</control>
			</control>
			<!-- Appearance Description -->
			<control type="textbox" id="1400">
				<include>OpenClose_Right</include>
				<description>description area</description>
				<left>510</left>
				<bottom>27</bottom>
				<width>1350</width>
				<height>100</height>
				<font>font12</font>
				<align>justify</align>
				<textcolor>$VAR[MainColorVar]</textcolor>
				<label>$INFO[Window.Property(InfoText)]</label>
				<autoscroll time="3000" delay="5000" repeat="5000">true</autoscroll>
			</control>
			<control type="button" id="1501">
				<left>1600</left>
				<top>950</top>
				<width>300</width>
				<height>90</height>
				<visible>true</visible>
				<texturefocus border="40" colordiffuse="$VAR[MainColorVar]">buttons/dialogbutton-fo.png</texturefocus>
				<texturenofocus border="40">buttons/dialogbutton-nofo.png</texturenofocus>
				<label />
				<font>font13_title</font>
				<textcolor>white</textcolor>
				<align>center</align>
				<onup>1100</onup>
				<ondown>1100</ondown>
				<onleft>1500</onleft>
				<onright>1500</onright>
				<visible>!IsEmpty(Control.GetLabel(1501))</visible>
			</control>
			<control type="button" id="1500">
				<left>1300</left>
				<top>950</top>
				<width>300</width>
				<height>90</height>
				<visible>true</visible>
				<texturefocus border="40" colordiffuse="$VAR[MainColorVar]">buttons/dialogbutton-fo.png</texturefocus>
				<texturenofocus border="40">buttons/dialogbutton-nofo.png</texturenofocus>
				<label />
				<font>font13_title</font>
				<textcolor>white</textcolor>
				<align>center</align>
				<onup>1100</onup>
				<ondown>1100</ondown>
				<onleft>1501</onleft>
				<onright>1501</onright>
				<visible>!IsEmpty(Control.GetLabel(1500))</visible>
			</control>
		</control>

		<!-- simple list ( 1100 ) up / down -->
		<control type="scrollbar" id="1097">
			<right>0</right>
			<top>163</top>
			<width>12</width>
			<bottom>137</bottom>
			<orientation>vertical</orientation>
			<texturesliderbackground></texturesliderbackground>
			<animation effect="slide" end="6,0" time="300" tween="sine" easing="inout" condition="!Control.HasFocus(60)">conditional</animation>
			<onleft>600</onleft>
			<onright>600</onright>
			<texturesliderbackground colordiffuse="22FFFFFF">colors/white.png</texturesliderbackground>
			<animation effect="fade" start="0" end="100" time="200" delay="300">Visible</animation>
			<animation effect="fade" start="100" end="0" time="200">Hidden</animation>
			<animation effect="fade" start="0" end="100" delay="300" time="320">WindowOpen</animation>
			<animation effect="fade" start="100" end="0" time="150">WindowClose</animation>
			<visible>Control.IsVisible(1100)</visible>
		</control>

		<!-- network list ( 1200 ) up / down -->
		<control type="scrollbar" id="1098">
			<right>0</right>
			<top>163</top>
			<width>12</width>
			<bottom>137</bottom>
			<orientation>vertical</orientation>
			<texturesliderbackground></texturesliderbackground>
			<animation effect="slide" end="6,0" time="300" tween="sine" easing="inout" condition="!Control.HasFocus(60)">conditional</animation>
			<onleft>600</onleft>
			<onright>600</onright>
			<texturesliderbackground colordiffuse="22FFFFFF">colors/white.png</texturesliderbackground>
			<animation effect="fade" start="0" end="100" time="200" delay="300">Visible</animation>
			<animation effect="fade" start="100" end="0" time="200">Hidden</animation>
			<animation effect="fade" start="0" end="100" delay="300" time="320">WindowOpen</animation>
			<animation effect="fade" start="100" end="0" time="150">WindowClose</animation>
			<visible>Control.IsVisible(1200)</visible>
		</control>

		<!-- bluetooth list ( 1300 ) up / down -->
		<control type="scrollbar" id="1099">
			<right>0</right>
			<top>163</top>
			<width>12</width>
			<bottom>137</bottom>
			<orientation>vertical</orientation>
			<texturesliderbackground></texturesliderbackground>
			<animation effect="slide" end="6,0" time="300" tween="sine" easing="inout" condition="!Control.HasFocus(60)">conditional</animation>
			<onleft>600</onleft>
			<onright>600</onright>
			<texturesliderbackground colordiffuse="22FFFFFF">colors/white.png</texturesliderbackground>
			<animation effect="fade" start="0" end="100" time="200" delay="300">Visible</animation>
			<animation effect="fade" start="100" end="0" time="200">Hidden</animation>
			<animation effect="fade" start="0" end="100" delay="300" time="320">WindowOpen</animation>
			<animation effect="fade" start="100" end="0" time="150">WindowClose</animation>
			<visible>Control.IsVisible(1300)</visible>
		</control>
		<!-- topbar -->
		<include name="TopBar">
			<param name="breadcrumbs_label" value="$ADDON[service.libreelec.settings 600]" />
		</include>
		<!-- bottombar -->
		<include>BottomBar</include>
	</controls>
</window>
