﻿<?xml version="1.0" encoding="utf-8"?>
<includes>
    <include name="HomeSystemButtonsTop">
        <!-- Системные кнопки -->
        <control type="grouplist" id="700">
					<orientation>horizontal</orientation>
					<itemgap>0</itemgap>
					<left>-8</left>
					<width>480</width>
					<height>110</height>
					<top>100</top>
					<onup>SetFocus(710)</onup>
					<onup>PageDown</onup>
					<onup>PageDown</onup>
					<ondown>SetFocus(9000)</ondown>
					<ondown>PageUp</ondown>
					<ondown>PageUp</ondown>
					<onright>2000</onright>
					<align>justify</align>
					<!--Кнопка проводника-->
					<include content="IconButton">
						<param name="control_id" value="801" />
						<param name="onclick" value="ActivateWindow(filemanager)" />
						<param name="icon" value="icons/filemanager.png" />
					</include>	
					<!--Кнопка дополнений-->
					<include content="IconButton">
						<param name="control_id" value="802" />
						<param name="onclick" value="ActivateWindow(addonbrowser)" />
						<param name="icon" value="icons/submenu/add-ons.png" />
					</include>
					<!--Кнопка настроек-->
					<include content="IconButton">
						<param name="control_id" value="803" />
						<param name="onclick" value="ActivateWindow(settings)" />
						<param name="icon" value="icons/settings.png" />
					</include>
					<include content="IconButton">
						<param name="control_id" value="804" />
						<param name="onclick" value="Fullscreen" />
						<param name="icon" value="icons/now-playing/fullscreen.png" />
						<param name="label" value="$LOCALIZE[31000]" />
						<param name="visible" value="Player.HasMedia" />
					</include>
		</control>
	</include>
    <include name="HomeSystemButtonsBottom">
	<control type="grouplist" id="710">
					<orientation>horizontal</orientation>
					<itemgap>0</itemgap>
					<left>-8</left>
					<width>480</width>
					<height>110</height>
					<bottom>0</bottom>
					<onup>SetFocus(9000)</onup>
					<onup>PageDown</onup>
					<onup>PageDown</onup>
					<ondown>SetFocus(700)</ondown>
					<ondown>PageUp</ondown>
					<ondown>PageUp</ondown>
					<onright>2000</onright>
					<align>justify</align>
					<!--Кнопка выключения-->
					<include content="IconButton">
						<param name="control_id" value="1701" />
						<param name="onclick" value="ActivateWindow(shutdownmenu)" />
						<param name="icon" value="icons/power.png" />
					</include>								
					<!--Кнопка избранного-->
					<include content="IconButton">
						<param name="control_id" value="1702" />
						<param name="onclick" value="ActivateWindow(favourites)" />
						<param name="icon" value="icons/favourites.png" />
					</include>			
					<!--Кнопка поиска-->
					<include content="IconButton">
						<param name="control_id" value="1703" />
						<param name="onclick" value="ActivateWindow(1107)" />
						<param name="icon" value="icons/search.png" />
					</include>	
		</control>
	</include>
	<include name="HomeMenuItem">
		<param name="menuitem_number" />
		<definition>
			<item>
				<label>$LOCALIZE[342]</label>
				<onclick condition="Library.HasContent(movies)">ActivateWindow(Videos,videodb://movies/titles/,return)</onclick>
				<onclick condition="!Library.HasContent(movies)">ActivateWindow(Videos,sources://video/,return)</onclick>
				<property name="menu_id">$NUMBER[5000]</property>
				<thumb>icons/sidemenu/movies.png</thumb>
				<property name="id">movies</property>
				<visible>String.IsEqual($PARAM[menuitem_number],1)</visible>
			</item>
			<item>
				<label>$LOCALIZE[20343]</label>
				<onclick condition="Library.HasContent(tvshows)">ActivateWindow(Videos,videodb://tvshows/titles/,return)</onclick>
				<onclick condition="!Library.HasContent(tvshows)">ActivateWindow(Videos,sources://video/,return)</onclick>
				<property name="menu_id">$NUMBER[6000]</property>
				<thumb>icons/sidemenu/tv.png</thumb>
				<property name="id">tvshows</property>
				<visible>String.IsEqual($PARAM[menuitem_number],2)</visible>
			</item>
			<item>
				<label>$LOCALIZE[2]</label>
				<onclick>ActivateWindow(Music,root,return)</onclick>
				<property name="menu_id">$NUMBER[7000]</property>
				<thumb>icons/sidemenu/music.png</thumb>
				<property name="id">music</property>
				<visible>String.IsEqual($PARAM[menuitem_number],3)</visible>
			</item>
			<item>
				<label>$LOCALIZE[20389]</label>
				<property name="menu_id">$NUMBER[16000]</property>
				<onclick>ActivateWindow(Videos,musicvideos,return)</onclick>
				<thumb>icons/sidemenu/musicvideos.png</thumb>
				<property name="id">musicvideos</property>
				<visible>String.IsEqual($PARAM[menuitem_number],4)</visible>
			</item>
			<item>
				<label>$LOCALIZE[19020]</label>
				<property name="menu_id">$NUMBER[12000]</property>
				<onclick>ActivateWindow(TVChannels)</onclick>
				<thumb>icons/sidemenu/livetv.png</thumb>
				<property name="id">livetv</property>
				<visible>String.IsEqual($PARAM[menuitem_number],5)</visible>
			</item>
			<item>
				<label>$LOCALIZE[19021]</label>
				<property name="menu_id">$NUMBER[13000]</property>
				<onclick>ActivateWindow(RadioChannels)</onclick>
				<thumb>icons/sidemenu/radio.png</thumb>
				<property name="id">radio</property>
				<visible>String.IsEqual($PARAM[menuitem_number],6)</visible>
			</item>
			<item>
				<label>$LOCALIZE[24001]</label>
				<property name="menu_id">$NUMBER[8000]</property>
				<onclick>ActivateWindow(1100)</onclick>
				<thumb>icons/sidemenu/addons.png</thumb>
				<property name="id">addons</property>
				<visible>String.IsEqual($PARAM[menuitem_number],7)</visible>
			</item>
			<item>
				<label>$LOCALIZE[1]</label>
				<onclick>ActivateWindow(Pictures)</onclick>
				<property name="menu_id">$NUMBER[4000]</property>
				<thumb>icons/sidemenu/pictures.png</thumb>
				<property name="id">pictures</property>
				<visible>String.IsEqual($PARAM[menuitem_number],8)</visible>
			</item>
			<item>
				<label>$LOCALIZE[3]</label>
				<onclick>ActivateWindow(Videos,root)</onclick>
				<property name="menu_id">$NUMBER[11000]</property>
				<thumb>icons/sidemenu/videos.png</thumb>
				<property name="id">video</property>
				<visible>String.IsEqual($PARAM[menuitem_number],9)</visible>
			</item>
			<item>
				<label>$LOCALIZE[10134]</label>
				<onclick>ActivateWindow(favourites)</onclick>
				<property name="menu_id">$NUMBER[14000]</property>
				<thumb>icons/sidemenu/favourites.png</thumb>
				<property name="id">favorites</property>
				<visible>String.IsEqual($PARAM[menuitem_number],10)</visible>
			</item>
			<item>
				<label>$LOCALIZE[8]</label>
				<onclick condition="!String.IsEmpty(Weather.Plugin)">ActivateWindow(Weather)</onclick>
				<onclick condition="String.IsEmpty(Weather.Plugin)">ReplaceWindow(servicesettings,weather)</onclick>
				<property name="menu_id">$NUMBER[15000]</property>
				<thumb>icons/sidemenu/weather.png</thumb>
				<property name="id">weather</property>
				<visible>String.IsEqual($PARAM[menuitem_number],11)</visible>
			</item>
		</definition>
	</include>
	<include name="HomeMainMenuItem">
		<control type="list" id="9000">
			<left>0</left>
			<top>220</top>
			<width>462</width>
			<bottom>110</bottom>
			<onfocus>ClearProperty(listposition,home)</onfocus>
			<onright>SetFocus($INFO[Container(9000).ListItem.Property(menu_id)])</onright>
			<onup>700</onup>
			<ondown>710</ondown>
			<onleft>9500</onleft>
			<scrolltime tween="cubic" easing="out">500</scrolltime>
			<focusedlayout height="95">
				<control type="group">
					<animation effect="fade" start="100" end="0" time="0">UnFocus</animation>
					<control type="image">
						<left>0</left>
						<top>0</top>
						<width>462</width>
						<height>95</height>
						<texture colordiffuse="button_focus">lists/focus.png</texture>
						<animation effect="fade" start="100" end="0" time="0" condition="[!Control.HasFocus(9000) + !ControlGroup(700).HasFocus] | System.HasModalDialog">Conditional</animation>
					</control>
					<control type="image">
						<left>-3</left>
						<top>1</top>
						<width>95</width>
						<height>95</height>
						<texture colordiffuse="button_focus">$INFO[ListItem.Art(thumb)]</texture>
						<animation effect="fade" start="0" end="100" time="300" reversible="false">Focus</animation>
					</control>
					<control type="image">
						<left>0</left>
						<top>0</top>
						<width>95</width>
						<height>95</height>
						<texture colordiffuse="51FFFFFF">colors/black.png</texture>
						<animation effect="fade" start="100" end="0" time="0" condition="[!Control.HasFocus(9000) + !ControlGroup(700).HasFocus] | System.HasModalDialog">Conditional</animation>
					</control>
				</control>
				<control type="image">
					<left>-3</left>
					<top>1</top>
					<width>95</width>
					<height>95</height>
					<texture>$INFO[ListItem.Art(thumb)]</texture>
				</control>
				<control type="label">
					<left>104</left>
					<top>0</top>
					<height>95</height>
					<width>560</width>
					<aligny>center</aligny>
					<font>font37</font>
					<label>$INFO[ListItem.Label]</label>
					<shadowcolor>text_shadow</shadowcolor>
				</control>
			</focusedlayout>
			<itemlayout height="95">
				<control type="image">
					<left>-3</left>
					<top>1</top>
					<width>95</width>
					<height>95</height>
					<texture colordiffuse="44FFFFFF">$INFO[ListItem.Art(thumb)]</texture>
				</control>
				<control type="label">
					<left>104</left>
					<top>0</top>
					<height>95</height>
					<width>560</width>
					<aligny>center</aligny>
					<font>font37</font>
					<label>$INFO[ListItem.Label]</label>
					<shadowcolor>text_shadow</shadowcolor>
				</control>
			</itemlayout>
			<content>
				<include content="HomeMenuItem">
					<param name="menuitem_number" value="Skin.String(homemenu_slot1)" />
				</include>
				<include content="HomeMenuItem">
					<param name="menuitem_number" value="Skin.String(homemenu_slot2)" />
				</include>
				<include content="HomeMenuItem">
					<param name="menuitem_number" value="Skin.String(homemenu_slot3)" />
				</include>
				<include content="HomeMenuItem">
					<param name="menuitem_number" value="Skin.String(homemenu_slot4)" />
				</include>
				<include content="HomeMenuItem">
					<param name="menuitem_number" value="Skin.String(homemenu_slot5)" />
				</include>
				<include content="HomeMenuItem">
					<param name="menuitem_number" value="Skin.String(homemenu_slot6)" />
				</include>
				<include content="HomeMenuItem">
					<param name="menuitem_number" value="Skin.String(homemenu_slot7)" />
				</include>
				<include content="HomeMenuItem">
					<param name="menuitem_number" value="Skin.String(homemenu_slot8)" />
				</include>
				<include content="HomeMenuItem">
					<param name="menuitem_number" value="Skin.String(homemenu_slot9)" />
				</include>
				<include content="HomeMenuItem">
					<param name="menuitem_number" value="Skin.String(homemenu_slot10)" />
				</include>
				<include content="HomeMenuItem">
					<param name="menuitem_number" value="Skin.String(homemenu_slot11)" />
				</include>
				<item>
						<label>$LOCALIZE[427]</label>
						<onclick>PlayDisc</onclick>
						<property name="menu_id">$NUMBER[21000]</property>
						<thumb>icons/sidemenu/disc.png</thumb>
						<property name="id">disc</property>
						<visible>System.HasMediaDVD</visible>
					</item>
			</content>
		</control>
	</include>
	<include name="HomeMainMenu">	
		<control type="group">
			<animation effect="slide" end="-522,0" time="350" tween="quadratic" easing="out" condition="[!Control.HasFocus(9000) + !ControlGroup(700).HasFocus + !ControlGroup(710).HasFocus] + Skin.HasSetting(FullScreenWidgetMenu)">Conditional</animation>
			<depth>DepthContentPanel</depth>
			<include>OpenClose_Left</include>
			<include content="ContentPanel">
				<param name="width" value="522" />
			</include>
			<include>HomeSystemButtonsTop</include>
			<include>HomeMainMenuItem</include>
			<include>HomeSystemButtonsBottom</include>
			<include>LeftBarCategoriesIcons</include>
		</control>
	</include>
</includes>