<?xml version="1.0" encoding="UTF-8"?>
<window>
	<defaultcontrol>9000</defaultcontrol>
	<backgroundcolor>background</backgroundcolor>
	<onload condition="String.IsEmpty(Skin.String(background_overlay))">Skin.SetString(background_overlay,1)</onload>
	<onload condition="String.IsEmpty(Skin.String(shift_categories))">Skin.SetString(shift_categories,1)</onload>
	<controls>
		<include>DefaultBackground</include>
		<control type="multiimage">
			<depth>DepthBackground</depth>
			<include>FullScreenDimensions</include>
			<aspectratio>scale</aspectratio>
			<fadetime>600</fadetime>
			<animation effect="zoom" center="auto" end="102,102" time="0" condition="Integer.IsGreater(System.StereoscopicMode,0)">conditional</animation>
			<animation effect="fade" start="0" end="100" time="400">WindowOpen</animation>
			<animation effect="fade" start="100" end="0" time="300">WindowClose</animation>
			<animation effect="fade" time="400">VisibleChange</animation>
			<imagepath background="true" colordiffuse="bg_overlay">$INFO[Skin.String(HomeFanart.path)]settings$INFO[Skin.String(HomeFanart.ext)]</imagepath>
			<visible>!Player.HasMedia + !String.IsEmpty(Skin.String(HomeFanart.path))</visible>
		</control>
		<control type="group" id="10000">
			<left>470</left>
			<include>OpenClose_Right</include>
			<control type="grouplist" id="700">
				<top>160</top>
				<left>0</left>
				<right>0</right>
				<bottom>140</bottom>
				<onleft>9000</onleft>
				<onright>60</onright>
				<onup>700</onup>
				<ondown>700</ondown>
				<visible>Container(9000).HasFocus(1)</visible>
				<control type="radiobutton" id="701">
					<label>$LOCALIZE[31095]</label>
					<include>DefaultSettingButton</include>
					<selected>!Skin.HasSetting(no_slide_animations)</selected>
					<onclick>Skin.ToggleSetting(no_slide_animations)</onclick>
				</control>
				<control type="radiobutton" id="702">
					<label>$LOCALIZE[20189]</label>
					<include>DefaultSettingButton</include>
					<onclick>Skin.ToggleSetting(autoscroll)</onclick>
					<selected>Skin.HasSetting(autoscroll)</selected>
				</control>
				<control type="radiobutton" id="703">
					<label>$LOCALIZE[31158]</label>
					<include>DefaultSettingButton</include>
					<onclick>Skin.ToggleSetting(touchmode)</onclick>
					<selected>Skin.HasSetting(touchmode)</selected>
				</control>
				<control type="radiobutton" id="704">
					<label>$LOCALIZE[31093]</label>
					<include>DefaultSettingButton</include>
					<onclick condition="!String.IsEmpty(Weather.Plugin)">Skin.ToggleSetting(show_weatherinfo)</onclick>
					<onclick condition="String.IsEmpty(Weather.Plugin)">ActivateWindow(servicesettings,weather)</onclick>
					<selected>Skin.HasSetting(show_weatherinfo) + !String.IsEmpty(Weather.Plugin)</selected>
				</control>
				<control type="radiobutton" id="706">
					<label>$LOCALIZE[31207]</label>
					<include>DefaultSettingButton</include>
					<onclick>Skin.ToggleSetting(show_datatopbar)</onclick>
					<selected>Skin.HasSetting(show_datatopbar)</selected>
				</control>
				<control type="radiobutton" id="705">
					<label>$LOCALIZE[31160]</label>
					<include>DefaultSettingButton</include>
					<onclick>Skin.ToggleSetting(hide_mediaflags)</onclick>
					<selected>!Skin.HasSetting(hide_mediaflags)</selected>
				</control>
				<control type="button" id="70555">
					<label>$LOCALIZE[31208]</label>
					<include>DefaultSettingButton</include>
					<onclick>ReloadSkin()</onclick>
				</control>
			</control>
			<control type="grouplist" id="600">
				<top>160</top>
				<left>0</left>
				<right>0</right>
				<bottom>140</bottom>
				<onleft>9000</onleft>
				<onright>60</onright>
				<onup>600</onup>
				<ondown>600</ondown>
				<visible>Container(9000).HasFocus(3)</visible>
				<control type="radiobutton" id="604">
					<label>$LOCALIZE[31002]</label>
					<include>DefaultSettingButton</include>
					<onclick>Skin.ToggleSetting(no_fanart)</onclick>
					<selected>!Skin.HasSetting(no_fanart)</selected>
				</control>
				<control type="button" id="606">
					<label>$LOCALIZE[31156]</label>
					<label2>$VAR[BackgroundOverlayTypeVar]</label2>
					<include>DefaultSettingButton</include>
					<onclick condition="String.IsEqual(Skin.String(background_overlay),7)">Skin.SetString(background_overlay,0)</onclick>
					<onclick condition="String.IsEqual(Skin.String(background_overlay),6)">Skin.SetString(background_overlay,7)</onclick>
					<onclick condition="String.IsEqual(Skin.String(background_overlay),5)">Skin.SetString(background_overlay,6)</onclick>
					<onclick condition="String.IsEqual(Skin.String(background_overlay),4)">Skin.SetString(background_overlay,5)</onclick>
					<onclick condition="String.IsEqual(Skin.String(background_overlay),3)">Skin.SetString(background_overlay,4)</onclick>
					<onclick condition="String.IsEqual(Skin.String(background_overlay),2)">Skin.SetString(background_overlay,3)</onclick>
					<onclick condition="String.IsEqual(Skin.String(background_overlay),1)">Skin.SetString(background_overlay,2)</onclick>
					<onclick condition="String.IsEqual(Skin.String(background_overlay),0)">Skin.SetString(background_overlay,1)</onclick>
				</control>
				<control type="button" id="607">
					<label>$LOCALIZE[31131]</label>
					<label2>$INFO[Skin.String(HomeFanart.name)]</label2>
					<include>DefaultSettingButton</include>
					<onclick condition="System.HasAddon(script.image.resource.select)">RunScript(script.image.resource.select,property=HomeFanart&amp;type=resource.images.skinbackgrounds)</onclick>
					<onclick condition="!System.HasAddon(script.image.resource.select)">InstallAddon(script.image.resource.select)</onclick>
					<enable>!Skin.HasSetting(no_fanart)</enable>
				</control>
				<control type="button" id="6071">
					<label>$LOCALIZE[40037]</label>
					<include>DefaultSettingButton</include>
					<onclick>Skin.SelectBool(40037, 15109|, 40038|opacity_0, 40039|opacity_5, 40040|opacity_10, 40041|opacity_15, 40042|opacity_20, 40043|opacity_25, 40044|opacity_30, 40045|opacity_35, 40046|opacity_40, 40047|opacity_45, 40048|opacity_50, 40049|opacity_55, 40050|opacity_60, 40051|opacity_65, 40052|opacity_70, 40053|opacity_75, 40054|opacity_80, 40055|opacity_85, 40056|opacity_90, 40057|opacity_95, 40058|opacity_100)</onclick>
					<label2>$VAR[OpacitySettingLabel2Var]</label2>
				</control>
				<control type="button" id="608">
					<label>$LOCALIZE[31062]</label>
					<label2>$INFO[Skin.String(WeatherFanart.name)]</label2>
					<include>DefaultSettingButton</include>
					<onclick condition="System.HasAddon(script.image.resource.select)">RunScript(script.image.resource.select,property=WeatherFanart&amp;type=resource.images.weatherfanart)</onclick>
					<onclick condition="!System.HasAddon(script.image.resource.select)">InstallAddon(script.image.resource.select)</onclick>
					<enable>!Skin.HasSetting(no_fanart)</enable>
				</control>
				<control type="radiobutton" id="609">
					<label>$LOCALIZE[31202]</label>
					<include>DefaultSettingButton</include>
					<onclick>Skin.ToggleSetting(show_musicvisualization)</onclick>
					<selected>Skin.HasSetting(show_musicvisualization)</selected>
				</control>
				<control type="button" id="6066">
					<label>$LOCALIZE[31149]</label>
					<label2>$INFO[Skin.String(MovieGenreFanart.Name)]</label2>
					<include>DefaultSettingButton</include>
					<onclick condition="!System.HasAddon(script.image.resource.select)">InstallAddon(script.image.resource.select)</onclick>
					<onclick condition="System.HasAddon(script.image.resource.select)">RunScript(script.image.resource.select,property=MovieGenreFanart&amp;type=resource.images.moviegenrefanart)</onclick>
				</control>
			</control>
<!-- 			<control type="grouplist" id="610">
				<top>160</top>
				<left>0</left>
				<right>0</right>
				<bottom>140</bottom>
				<onleft>9000</onleft>
				<onright>60</onright>
				<onup>610</onup>
				<pagecontrol>60</pagecontrol>
				<ondown>610</ondown>
				<visible>Container(9000).HasFocus(2)</visible>
				<control type="button" id="611">
					<label>$LOCALIZE[31210]</label>
					<include>DefaultSettingButton</include>
					<onclick>ActivateWindow(1120)</onclick>
				</control>
				<control type="button" id="612">
					<label>$LOCALIZE[31203]</label>
					<label2>$VAR[ShiftCategoriesTypeVar]</label2>
					<include>DefaultSettingButton</include>
					<onclick condition="String.IsEqual(Skin.String(shift_categories),2)">Skin.SetString(shift_categories,0)</onclick>
					<onclick condition="String.IsEqual(Skin.String(shift_categories),1)">Skin.SetString(shift_categories,2)</onclick>
					<onclick condition="String.IsEqual(Skin.String(shift_categories),0)">Skin.SetString(shift_categories,1)</onclick>
				</control>
				<control type="radiobutton" id="613">
					<label>$LOCALIZE[31157]</label>
					<include>DefaultSettingButton</include>
					<selected>!Skin.HasSetting(VisibleButtonCategories)</selected>
					<onclick>Skin.ToggleSetting(VisibleButtonCategories)</onclick>
					<onclick condition="!System.HasAddon(plugin.library.node.editor)">InstallAddon(plugin.library.node.editor)</onclick>
				</control>
				<control type="button" id="6131">
					<label>   - $LOCALIZE[342]\$LOCALIZE[20343]\$LOCALIZE[20391]</label>
					<include>DefaultSettingButton</include>
					<onclick condition="System.HasAddon(plugin.library.node.editor)">ActivateWindow(programs,plugin://plugin.library.node.editor/?ltype=video,return)</onclick>
					<visible>!Skin.HasSetting(VisibleButtonCategories)</visible>
				</control>
				<control type="button" id="6132">
					<label>   - $LOCALIZE[2]</label>
					<include>DefaultSettingButton</include>
					<onclick condition="System.HasAddon(plugin.library.node.editor)">ActivateWindow(programs,plugin://plugin.library.node.editor/?ltype=music,return)</onclick>
					<visible>!Skin.HasSetting(VisibleButtonCategories)</visible>
				</control>
			</control> -->
			<control type="grouplist" id="710">
				<top>160</top>
				<left>0</left>
				<right>0</right>
				<bottom>140</bottom>
				<onleft>9000</onleft>
				<onright>60</onright>
				<onup>710</onup>
				<pagecontrol>60</pagecontrol>
				<ondown>710</ondown>
				<visible>Container(9000).HasFocus(4)</visible>
				<control type="button" id="711">
					<label>$LOCALIZE[31210]</label>
					<include>DefaultSettingButton</include>
					<onclick>ActivateWindow(1120)</onclick>
				</control>
				<control type="radiobutton" id="712">
					<label>$LOCALIZE[31213]</label>
					<include>DefaultSettingButton</include>
					<selected>Skin.HasSetting(FullScreenWidgetMenu)</selected>
					<onclick>Skin.ToggleSetting(FullScreenWidgetMenu)</onclick>
				</control>
				<control type="button" id="7121">
					<label>$LOCALIZE[31203]</label>
					<label2>$VAR[ShiftCategoriesTypeVar]</label2>
					<include>DefaultSettingButton</include>
					<onclick condition="String.IsEqual(Skin.String(shift_categories),2)">Skin.SetString(shift_categories,0)</onclick>
					<onclick condition="String.IsEqual(Skin.String(shift_categories),1)">Skin.SetString(shift_categories,2)</onclick>
					<onclick condition="String.IsEqual(Skin.String(shift_categories),0)">Skin.SetString(shift_categories,1)</onclick>
					<enable>!Skin.HasSetting(FullScreenWidgetMenu)</enable>
				</control>
				<control type="radiobutton" id="713">
					<label>$LOCALIZE[31157]</label>
					<include>DefaultSettingButton</include>
					<selected>Skin.HasSetting(VisibleButtonCategories)</selected>
					<onclick>Skin.ToggleSetting(VisibleButtonCategories)</onclick>
				</control>
				<control type="button" id="7131">
					<label>   - $LOCALIZE[342]\$LOCALIZE[20343]\$LOCALIZE[20391]</label>
					<include>DefaultSettingButton</include>
					<onclick condition="System.HasAddon(plugin.library.node.editor)">ActivateWindow(programs,plugin://plugin.library.node.editor/?ltype=video,return)</onclick>
					<onclick condition="!System.HasAddon(plugin.library.node.editor)">InstallAddon(plugin.library.node.editor)</onclick>
					<visible>Skin.HasSetting(VisibleButtonCategories)</visible>
				</control>
				<control type="button" id="7132">
					<label>   - $LOCALIZE[2]</label>
					<include>DefaultSettingButton</include>
					<onclick condition="System.HasAddon(plugin.library.node.editor)">ActivateWindow(programs,plugin://plugin.library.node.editor/?ltype=music,return)</onclick>
					<onclick condition="!System.HasAddon(plugin.library.node.editor)">InstallAddon(plugin.library.node.editor)</onclick>
					<visible>Skin.HasSetting(VisibleButtonCategories)</visible>
				</control>
				<control type="radiobutton" id="714">
                    <description>Enable custom list addons</description>					
					<include>DefaultSettingButton</include>
                    <label>$LOCALIZE[31209]</label>
					<onclick>Skin.ToggleSetting(enable_custom_list_addons)</onclick>
					<selected>Skin.HasSetting(enable_custom_list_addons)</selected>
				</control>
				<!-- <control type="radiobutton" id="712"> -->
                    <!-- <description>Enable custom list addons</description>					 -->
					<!-- <include>DefaultSettingButton</include> -->
                    <!-- <label>$LOCALIZE[31212](!не_работает!)</label> -->
					<!-- <onclick>Skin.ToggleSetting(enable_custom_list_pvr)</onclick> -->
					<!-- <selected>Skin.HasSetting(enable_custom_list_pvr)</selected> -->
				<!-- </control> -->
				<control type="label" id="720">
                    <include>DefaultSettingLabel</include>
                    <label>$LOCALIZE[342]</label>
					<visible>Library.HasContent(movies)</visible>
                </control>
				<include content="HomeMainCustomWidgetsAddonsSettings">
                    <param name="id1" value="11" />
                    <param name="title" value="$LOCALIZE[1037]" />
                    <param name="flags" value="enable_custom_list_addons_video" />
                    <param name="setadonnstype" value="Video" />
                    <param name="type" value="xbmc.addon.video" />
					<param name="visible" value="Skin.HasSetting(enable_custom_list_addons) + Library.HasContent(movies)" />
                </include>
				<control type="radiobutton" id="769">
					<label>$LOCALIZE[31010]</label>
					<include>DefaultSettingButton</include>
					<selected>!Skin.HasSetting(WidgetInprogressMoviesMovieOff)</selected>
					<onclick>Skin.ToggleSetting(WidgetInprogressMoviesMovieOff)</onclick>
					<visible>Library.HasContent(movies)</visible>
				</control>
				<control type="radiobutton" id="723">
					<label>$LOCALIZE[20386]</label>
					<include>DefaultSettingButton</include>
					<selected>!Skin.HasSetting(WidgetRecentUnwatchedMovieOff)</selected>
					<onclick>Skin.ToggleSetting(WidgetRecentUnwatchedMovieOff)</onclick>
					<visible>Library.HasContent(movies)</visible>
				</control>
				<control type="radiobutton" id="724">
					<label>$LOCALIZE[31007]</label>
					<include>DefaultSettingButton</include>
					<selected>!Skin.HasSetting(WidgetUnwatchedMovieOff)</selected>
					<onclick>Skin.ToggleSetting(WidgetUnwatchedMovieOff)</onclick>
					<visible>Library.HasContent(movies)</visible>
				</control>
				<control type="radiobutton" id="725">
					<label>$LOCALIZE[31006]</label>
					<include>DefaultSettingButton</include>
					<selected>!Skin.HasSetting(WidgetRandomMovieOff)</selected>
					<onclick>Skin.ToggleSetting(WidgetRandomMovieOff)</onclick>
					<visible>Library.HasContent(movies)</visible>
				</control>
				<control type="radiobutton" id="726">
					<label>$LOCALIZE[31075]</label>
					<include>DefaultSettingButton</include>
					<selected>!Skin.HasSetting(WidgetSetsMovieOff)</selected>
					<onclick>Skin.ToggleSetting(WidgetSetsMovieOff)</onclick>
					<visible>Library.HasContent(movies)</visible>
				</control>
				<control type="label" id="730">
                    <include>DefaultSettingLabel</include>
                    <label>$LOCALIZE[20343]</label>
					<visible>Library.HasContent(tvshows)</visible>
                </control>
				<include content="HomeMainCustomWidgetsAddonsSettings">
                    <param name="id1" value="12" />
                    <param name="title" value="$LOCALIZE[1037]" />
                    <param name="flags" value="enable_custom_list_addons_tvseries" />
                    <param name="setadonnstype" value="TVSeries" />
                    <param name="type" value="xbmc.addon.video" />
					<param name="visible" value="Skin.HasSetting(enable_custom_list_addons) + Library.HasContent(tvshows)" />
                </include>
				<control type="radiobutton" id="733">
					<label>$LOCALIZE[626]</label>
					<include>DefaultSettingButton</include>
					<selected>!Skin.HasSetting(WidgetInprogressTVShowsOff)</selected>
					<onclick>Skin.ToggleSetting(WidgetInprogressTVShowsOff)</onclick>
					<visible>Library.HasContent(tvshows)</visible>
				</control>
				<control type="radiobutton" id="734">
					<label>$LOCALIZE[20387]</label>
					<include>DefaultSettingButton</include>
					<selected>!Skin.HasSetting(WidgetRecentUnwatchedEpisodesTVShowsOff)</selected>
					<onclick>Skin.ToggleSetting(WidgetRecentUnwatchedEpisodesTVShowsOff)</onclick>
					<visible>Library.HasContent(tvshows)</visible>
				</control>
				<control type="radiobutton" id="735">
					<label>$LOCALIZE[31122]</label>
					<include>DefaultSettingButton</include>
					<selected>!Skin.HasSetting(WidgetUnwatchedEpisodesTVShowsOff)</selected>
					<onclick>Skin.ToggleSetting(WidgetUnwatchedEpisodesTVShowsOff)</onclick>
					<visible>Library.HasContent(tvshows)</visible>					
				</control>
				<control type="label" id="750">
                    <include>DefaultSettingLabel</include>
                    <label>$LOCALIZE[3]</label>
					<visible>Skin.HasSetting(enable_custom_list_addons)</visible>
                </control>
				<include content="HomeMainCustomWidgetsAddonsSettings">
                    <param name="id1" value="13" />
                    <param name="title" value="$LOCALIZE[1037]" />
                    <param name="flags" value="enable_custom_list_addons_video_item" />
                    <param name="setadonnstype" value="VideoItem" />
                    <param name="type" value="xbmc.addon.video" />
					<param name="visible" value="Skin.HasSetting(enable_custom_list_addons)" />
                </include>
				<control type="label" id="761">
				<include>DefaultSettingLabel</include>
					<label>$LOCALIZE[20391]</label>
					<visible>Library.HasContent(musicvideos)</visible>
				</control>
				<include content="HomeMainCustomWidgetsAddonsSettings">
					<param name="id1" value="14" />
					<param name="title" value="$LOCALIZE[1037]" />
					<param name="flags" value="enable_custom_list_addons_music_video" />
					<param name="setadonnstype" value="Musicvideo" />
					<param name="type" value="xbmc.addon.video" />
					<param name="visible" value="Skin.HasSetting(enable_custom_list_addons) + Library.HasContent(musicvideos)" />
				</include>
				<control type="radiobutton" id="762">
					<label>$LOCALIZE[20390]</label>
					<include>DefaultSettingButton</include>
					<selected>!Skin.HasSetting(WidgetRecentlyAddedMusicVideosOff)</selected>
					<onclick>Skin.ToggleSetting(WidgetRecentlyAddedMusicVideosOff)</onclick>
					<visible>Library.HasContent(musicvideos)</visible>
				</control>
				<control type="radiobutton" id="763">
					<label>$LOCALIZE[31151]</label>
					<include>DefaultSettingButton</include>
					<selected>!Skin.HasSetting(WidgetUnwatchedMusicVideosOff)</selected>
					<onclick>Skin.ToggleSetting(WidgetUnwatchedMusicVideosOff)</onclick>
					<visible>Library.HasContent(musicvideos)</visible>
				</control>
				<control type="radiobutton" id="764">
					<label>$LOCALIZE[31013]</label>
					<include>DefaultSettingButton</include>
					<selected>!Skin.HasSetting(WidgetRandomMusicVideoArtistsOff)</selected>
					<onclick>Skin.ToggleSetting(WidgetRandomMusicVideoArtistsOff)</onclick>
					<visible>Library.HasContent(musicvideos)</visible>
				</control>
				<control type="radiobutton" id="765">
					<label>$LOCALIZE[31152]</label>
					<include>DefaultSettingButton</include>
					<selected>!Skin.HasSetting(WidgetRandomMusicVideosOff)</selected>
					<onclick>Skin.ToggleSetting(WidgetRandomMusicVideosOff)</onclick>
					<visible>Library.HasContent(musicvideos)</visible>
				</control>
				<control type="radiobutton" id="766">
					<label>$LOCALIZE[20388]</label>
					<include>DefaultSettingButton</include>
					<selected>!Skin.HasSetting(WidgetMusicVideosStudiosOff)</selected>
					<onclick>Skin.ToggleSetting(WidgetMusicVideosStudiosOff)</onclick>
					<visible>Library.HasContent(musicvideos)</visible>
				</control>
				<control type="label" id="740">
                    <include>DefaultSettingLabel</include>
                    <label>$LOCALIZE[2]</label>
					<visible>Library.HasContent(music)</visible>
                </control>
                <include content="HomeMainCustomWidgetsAddonsSettings">
                    <param name="id1" value="15" />
                    <param name="title" value="$LOCALIZE[1038]" />
                    <param name="flags" value="enable_custom_list_addons_audio" />
                    <param name="setadonnstype" value="Audio" />
                    <param name="type" value="xbmc.addon.audio" />
					<param name="visible" value="Skin.HasSetting(enable_custom_list_addons) + Library.HasContent(music)" />
                </include>
				<control type="radiobutton" id="743">
					<label>$LOCALIZE[517]</label>
					<include>DefaultSettingButton</include>
					<selected>!Skin.HasSetting(WidgetRecentlyPlayedAbumsMusicOff)</selected>
					<onclick>Skin.ToggleSetting(WidgetRecentlyPlayedAbumsMusicOff)</onclick>
					<visible>Library.HasContent(music)</visible>
				</control>
				<control type="radiobutton" id="744">
					<label>$LOCALIZE[359]</label>
					<include>DefaultSettingButton</include>
					<selected>!Skin.HasSetting(WidgetRecentlyAddedAbumsMusicOff)</selected>
					<onclick>Skin.ToggleSetting(WidgetRecentlyAddedAbumsMusicOff)</onclick>
					<visible>Library.HasContent(music)</visible>
				</control>
				<control type="radiobutton" id="745">
					<label>$LOCALIZE[31012]</label>
					<include>DefaultSettingButton</include>
					<selected>!Skin.HasSetting(WidgetRandomAbumsMusicOff)</selected>
					<onclick>Skin.ToggleSetting(WidgetRandomAbumsMusicOff)</onclick>
					<visible>Library.HasContent(music)</visible>
				</control>
				<control type="radiobutton" id="746">
					<label>$LOCALIZE[31013]</label>
					<include>DefaultSettingButton</include>
					<selected>!Skin.HasSetting(WidgetRandomArtistsMusicOff)</selected>
					<onclick>Skin.ToggleSetting(WidgetRandomArtistsMusicOff)</onclick>
					<visible>Library.HasContent(music)</visible>
				</control>
				<control type="radiobutton" id="747">
					<label>$LOCALIZE[31014]</label>
					<include>DefaultSettingButton</include>
					<selected>!Skin.HasSetting(WidgetUnplayedAlbumsMusicOff)</selected>
					<onclick>Skin.ToggleSetting(WidgetUnplayedAlbumsMusicOff)</onclick>
					<visible>Library.HasContent(music)</visible>
				</control>
				<control type="radiobutton" id="748">
					<label>$LOCALIZE[31011]</label>
					<include>DefaultSettingButton</include>
					<selected>!Skin.HasSetting(WidgetMostplayedAlbumsMusicOff)</selected>
					<onclick>Skin.ToggleSetting(WidgetMostplayedAlbumsMusicOff)</onclick>
					<visible>Library.HasContent(music)</visible>
				</control>		
				<control type="label" id="760">
                    <include>DefaultSettingLabel</include>
                    <label>$LOCALIZE[1]</label>
					<visible>Skin.HasSetting(enable_custom_list_addons)</visible>
                </control>
                <include content="HomeMainCustomWidgetsAddonsSettings">
                    <param name="id1" value="16" />
                    <param name="title" value="$LOCALIZE[1039]" />
                    <param name="flags" value="enable_custom_list_addons_image" />
                    <param name="setadonnstype" value="Image" />
                    <param name="type" value="xbmc.addon.image" />
					<param name="visible" value="Skin.HasSetting(enable_custom_list_addons)" />
                </include>
				<control type="label" id="767">
                    <include>DefaultSettingLabel</include>
                    <label>$LOCALIZE[19020]</label>
					<visible>Skin.HasSetting(enable_custom_list_addons) + System.HasPVRAddon</visible>
                </control>
                <include content="HomeMainCustomWidgetsAddonsSettings">
                    <param name="id1" value="17" />
                    <param name="title" value="$LOCALIZE[1037]" />
                    <param name="flags" value="enable_custom_list_addons_video_tv" />
                    <param name="setadonnstype" value="VideoTV" />
                    <param name="type" value="xbmc.addon.video" />
					<param name="visible" value="Skin.HasSetting(enable_custom_list_addons) + System.HasPVRAddon" />
                </include>
                <include content="HomeMainCustomWidgetsAddonsSettings">
                    <param name="id1" value="18" />
                    <param name="title" value="$LOCALIZE[1043]" />
                    <param name="flags" value="enable_custom_list_addons_programs_tv" />
                    <param name="setadonnstype" value="ProgramsTV" />
                    <param name="type" value="xbmc.addon.executable" />
					<param name="visible" value="Skin.HasSetting(enable_custom_list_addons) + System.HasPVRAddon" />
                </include>
				<control type="label" id="768">
                    <include>DefaultSettingLabel</include>
                    <label>$LOCALIZE[19021]</label>
					<visible>Skin.HasSetting(enable_custom_list_addons) + System.HasPVRAddon</visible>
                </control>
				<include content="HomeMainCustomWidgetsAddonsSettings">
					<param name="id1" value="19" />
					<param name="title" value="$LOCALIZE[1038]" />
					<param name="flags" value="enable_custom_list_addons_audio_radio" />
					<param name="setadonnstype" value="AudioRadio" />
					<param name="type" value="xbmc.addon.audio" />
					<param name="visible" value="Skin.HasSetting(enable_custom_list_addons) + System.HasPVRAddon" />
				</include>
				<include content="HomeMainCustomWidgetsAddonsSettings">
					<param name="id1" value="20" />
					<param name="title" value="$LOCALIZE[1043]" />
					<param name="flags" value="enable_custom_list_addons_programs_radio" />
					<param name="setadonnstype" value="ProgramsRadio" />
					<param name="type" value="xbmc.addon.executable" />
					<param name="visible" value="Skin.HasSetting(enable_custom_list_addons) + System.HasPVRAddon" />
				</include>
			</control>
			<control type="grouplist" id="800">
				<top>160</top>
				<left>0</left>
				<right>0</right>
				<bottom>140</bottom>
				<onleft>9000</onleft>
				<onright>60</onright>
				<onup>800</onup>
				<ondown>800</ondown>
				<visible>Container(9000).HasFocus(2)</visible>
				<control type="button" id="801">
					<description>Reset skin</description>
					<include>DefaultSettingButton</include>
					<label>$LOCALIZE[10045]</label>
					<onclick>Skin.ResetSettings</onclick>
				</control>
			</control>            
			<control type="image">
				<description>Dialog Header image</description>
				<left>0</left>
				<top>160</top>
				<right>0</right>
				<height>3</height>
				<texture colordiffuse="button_focus" border="2">dialogs/separator-grey.png</texture>
			</control>
			<control type="image">
				<description>Dialog Header image</description>
				<left>0</left>
				<bottom>134</bottom>
				<right>0</right>
				<height>3</height>
				<texture colordiffuse="button_focus" border="2">dialogs/separator-grey.png</texture>
			</control>
		</control>
		<control type="group">
			<depth>DepthContentPanel</depth>
			<left>0</left>
			<include>OpenClose_Left</include>
			<include content="ContentPanel">
				<param name="width" value="530" />
			</include>
			<control type="list" id="9000">
				<description>button area</description>
				<left>0</left>
				<top>160</top>
				<width>470</width>
				<height>700</height>
				<onleft>10000</onleft>
				<onright>10000</onright>
				<onup>9000</onup>
				<ondown>9000</ondown>
				<itemlayout height="90" width="470">
					<control type="label">
						<textoffsetx>30</textoffsetx>
						<width>470</width>
						<height>90</height>
						<label>$INFO[ListItem.Label]</label>
						<font>font37</font>
						<aligny>center</aligny>
					</control>
				</itemlayout>
				<focusedlayout height="90" width="470">
					<control type="image">
						<width>470</width>
						<height>90</height>
						<texture colordiffuse="button_focus">lists/focus.png</texture>
						<animation effect="fade" start="100" end="50" time="40" condition="!Control.HasFocus(9000)">Conditional</animation>
					</control>
					<control type="label">
						<textoffsetx>30</textoffsetx>
						<width>470</width>
						<height>90</height>
						<font>font37</font>
						<aligny>center</aligny>
						<label>$INFO[ListItem.Label]</label>
					</control>
				</focusedlayout>
				<content>
					<item id="1">
						<label>$LOCALIZE[128]</label>
						<onclick>noop</onclick>
					</item>
					<item id="4">
						<label>$LOCALIZE[31061]</label>
						<onclick>noop</onclick>
					</item>
					<item id="3">
						<label>$LOCALIZE[31159]</label>
						<onclick>noop</onclick>
					</item>
					<item id="2">
						<label>$LOCALIZE[10035]</label>
						<onclick>noop</onclick>
					</item>
				</content>
			</control>
		</control>
		<control type="scrollbar" id="60">
			<right>0</right>
			<top>163</top>
			<width>12</width>
			<bottom>137</bottom>
			<orientation>vertical</orientation>
			<texturesliderbackground />
			<animation effect="slide" end="6,0" time="300" tween="sine" easing="inout" condition="!Control.HasFocus(60)">conditional</animation>
			<onleft>710</onleft>
			<onright>710</onright>
			<animation effect="fade" start="0" end="100" time="200" delay="300">Visible</animation>
			<animation effect="fade" start="100" end="0" time="200">Hidden</animation>
			<animation effect="fade" start="0" end="100" delay="300" time="320">WindowOpen</animation>
			<animation effect="fade" start="100" end="0" time="150">WindowClose</animation>
			<visible>Control.IsVisible(710)</visible>
		</control>
		<include content="TopBar">
			<param name="breadcrumbs_label" value="$LOCALIZE[20077]" />
		</include>
		<include>BottomBar</include>
		<control type="textbox" id="6">
			<include>OpenClose_Right</include>
			<description>description area</description>
			<left>510</left>
			<bottom>27</bottom>
			<width>1350</width>
			<height>100</height>
			<font>font12</font>
			<align>justify</align>
			<textcolor>button_focus</textcolor>
			<label>$VAR[SkinSettingsHelpTextVar]</label>
			<autoscroll time="3000" delay="5000" repeat="5000">true</autoscroll>
		</control>
	</controls>
</window>
