<?xml version="1.0" encoding="UTF-8"?>
<window>
	<defaultcontrol>211</defaultcontrol>
	<backgroundcolor>background</backgroundcolor>
	<controls>
		<include>DefaultBackground</include>
		<control type="group">
			<depth>DepthContentPanel</depth>
			<include>OpenClose_Left</include>
			<include content="ContentPanel">
				<param name="width" value="620" />
			</include>
			<control type="list" id="211">
				<left>0</left>
				<top>100</top>
				<width>462</width>
				<bottom>-10</bottom>
				<onright>700</onright>
				<onup>211</onup>
				<ondown>211</ondown>
				<scrolltime tween="cubic" easing="out">500</scrolltime>
				<focusedlayout height="95">
					<control type="group">
						<control type="image">
							<left>0</left>
							<top>0</top>
							<width>462</width>
							<height>95</height>
							<texture colordiffuse="button_focus">lists/focus.png</texture>
							<animation effect="fade" start="100" end="50" time="40" condition="!Control.HasFocus(211)">Conditional</animation>
							<!-- <animation effect="fade" start="100" end="50" time="0" condition="String.IsEqual(Container(211).ListItem.Property(skinshortcuts-disabled),True)">Conditional</animation> -->
							<!-- <animation effect="fade" start="50" end="100" time="0" condition="!String.IsEqual(Container(211).ListItem.Property(skinshortcuts-disabled),True)">Conditional</animation> -->
						</control>
						<control type="image">
							<left>-3</left>
							<top>1</top>
							<width>95</width>
							<height>95</height>
							<texture colordiffuse="button_focus">$INFO[ListItem.Icon]</texture>
							<animation effect="fade" start="0" end="100" time="300" reversible="false">Focus</animation>
						</control>
						<control type="image">
							<left>0</left>
							<top>0</top>
							<width>95</width>
							<height>95</height>
							<texture colordiffuse="51FFFFFF">colors/black.png</texture>
							<animation effect="fade" start="100" end="50" time="40" condition="!Control.HasFocus(211)">Conditional</animation>
							<visible>!Skin.HasSetting(EnableGradientColor)</visible>
						</control>
					</control>
					<control type="image">
						<left>-3</left>
						<top>1</top>
						<width>95</width>
						<height>95</height>
						<texture>$INFO[ListItem.Icon]</texture>
					</control>
					<control type="label">
						<left>104</left>
						<top>0</top>
						<height>95</height>
						<width>348</width>
						<aligny>center</aligny>
						<font>font37</font>
						<label>$INFO[ListItem.Label]</label>
						<shadowcolor>text_shadow</shadowcolor>
						<scroll>true</scroll>
						<visible>!String.IsEqual(Container(211).ListItem.Property(skinshortcuts-disabled),True)</visible>
					</control>
					<control type="label">
						<left>104</left>
						<top>0</top>
						<height>95</height>
						<width>348</width>
						<aligny>center</aligny>
						<font>font37</font>
						<label>$INFO[ListItem.Label] ($LOCALIZE[1223])</label>
						<shadowcolor>text_shadow</shadowcolor>
						<scroll>true</scroll>
						<visible>String.IsEqual(Container(211).ListItem.Property(skinshortcuts-disabled),True)</visible>
					</control>
				</focusedlayout>
				<itemlayout height="95">
					<control type="image">
						<left>-3</left>
						<top>1</top>
						<width>95</width>
						<height>95</height>
						<texture colordiffuse="44FFFFFF">$INFO[ListItem.Icon]</texture>
					</control>
					<control type="label">
						<left>104</left>
						<top>0</top>
						<height>95</height>
						<width>358</width>
						<aligny>center</aligny>
						<font>font37</font>
						<label>$INFO[ListItem.Label]</label>
						<shadowcolor>text_shadow</shadowcolor>
						<visible>String.IsEqual(Container(211).ListItem.Property(skinshortcuts-disabled),False)</visible>
					</control>
					<control type="label">
						<left>104</left>
						<top>0</top>
						<height>95</height>
						<width>348</width>
						<aligny>center</aligny>
						<font>font37</font>
						<label>$INFO[ListItem.Label] ($LOCALIZE[1223])</label>
						<shadowcolor>text_shadow</shadowcolor>
						<scroll>true</scroll>
						<visible>String.IsEqual(Container(211).ListItem.Property(skinshortcuts-disabled),True)</visible>
					</control>
				</itemlayout>
			</control>
			<control type="image">
				<description>Dialog Header image</description>
				<left>462</left>
				<top>0</top>
				<bottom>0</bottom>
				<width>1</width>
				<texture colordiffuse="80AAAAAA" border="1">dialogs/separator-grey.png</texture>
			</control>
			<control type="grouplist" id="700">
				<orientation>vertical</orientation>
				<itemgap>-16</itemgap>
				<left>452</left>
				<top>295</top>
				<onup>700</onup>
				<ondown>700</ondown>
				<onleft>211</onleft>
				<onright>90001</onright>
				<include content="IconButton">
					<param name="control_id" value="303" />
					<param name="icon" value="shortcuts/up.png" />
				</include>
				<include content="IconButton">
					<param name="control_id" value="304" />
					<param name="icon" value="shortcuts/down.png" />
				</include>
				<include content="IconButton">
					<param name="control_id" value="313" />
					<param name="icon" value="shortcuts/disable.png" />
				</include>
				<include content="IconButton">
					<param name="control_id" value="301" />
					<param name="icon" value="shortcuts/add.png" />
				</include>
				<include content="IconButton">
					<param name="control_id" value="302" />
					<param name="icon" value="shortcuts/delete.png" />
				</include>
				<include content="IconButton">
					<param name="control_id" value="308" />
					<param name="icon" value="dialogs/nextup/replay.png" />
				</include>
			</control>
		</control>
		<control type="group">
			<left>560</left>
			<include>OpenClose_Right</include>
			<control type="grouplist" id="90001">
				<left>0</left>
				<top>168</top>
				<right>0</right>
				<bottom>142</bottom>
				<onleft>211</onleft>
				<onright>60</onright>
				<onup>90001</onup>
				<ondown>90001</ondown>
				<pagecontrol>60</pagecontrol>
				<control type="button" id="401">
					<description>Choose Shortcut</description>
					<include>DefaultSettingButton</include>
					<label>$ADDON[script.skinshortcuts 32048]</label>
					<label2>$INFO[Container(211).ListItem.Label]</label2>
				</control>
				<control type="button" id="307">
					<description>Change Action</description>
					<include>DefaultSettingButton</include>
					<label>$ADDON[script.skinshortcuts 32027]</label>
					<label2>$INFO[Container(211).ListItem.Property(displaypath)]</label2>
				</control>
				<control type="button" id="305">
					<description>Change Label</description>
					<include>DefaultSettingButton</include>
					<label>$ADDON[script.skinshortcuts 32025]</label>
					<label2>$INFO[Container(211).ListItem.Label]</label2>
				</control>
				<control type="button" id="306">
					<description>Browse For Thumbnail</description>
					<include>DefaultSettingButton</include>
					<label>$ADDON[script.skinshortcuts 32026]</label>
					<label2>$INFO[Container(211).ListItem.Icon]</label2>
				</control>
				<control type="button" id="405">
					<description>Edit Submenu</description>
					<include>DefaultSettingButton</include>
					<label>$ADDON[script.skinshortcuts 32072]</label>
					<visible>String.IsEqual(Window.Property(groupname),mainmenu)</visible>
				</control>
				<control type="button" id="312">
					<description>Edit Widget Name</description>
					<include>DefaultSettingButton</include>
					<label></label>
					<label2></label2>
					<visible>false</visible>
				</control>
				<control type="button" id="350">
					<description>Select Widget Type</description>
					<include>DefaultSettingButton</include>
					<label>$LOCALIZE[43070]</label>
					<label2>$VAR[SkinSettingWidgetNameVar]</label2>
					<onclick>SetProperty(WidgetVisibility,True,home)</onclick>
					<onclick>SendClick(312)</onclick>
					<visible>String.IsEqual(Window.Property(groupname),mainmenu)</visible>
				</control>
				<control type="button" id="351">
					<description>Widget 1</description>
					<include>DefaultSettingButton</include>
					<label>$ADDON[script.skinshortcuts 32044] 1</label>
					<label2>$VAR[WidgetName1Label2Var]</label2>
					<onclick>ClearProperty(WidgetVisibility,home)</onclick>
					<onclick>SetProperty(widgetID, widget1)</onclick>
					<onclick>SendClick(312)</onclick>
					<visible>String.IsEqual(Window.Property(groupname),mainmenu)</visible>
					<visible>String.IsEqual(Container(211).ListItem.Property(widget),MediaWidget)</visible>
				</control>
				<control type="button" id="352">
					<description>Widget 2</description>
					<include>DefaultSettingButton</include>
					<label>$ADDON[script.skinshortcuts 32044] 2</label>
					<label2>$VAR[WidgetName2Label2Var]</label2>
					<onclick>ClearProperty(WidgetVisibility,home)</onclick>
					<onclick>SetProperty(widgetID, widget2)</onclick>
					<onclick>SendClick(312)</onclick>
					<visible>String.IsEqual(Window.Property(groupname),mainmenu)</visible>
					<visible>String.IsEqual(Container(211).ListItem.Property(widget),MediaWidget)</visible>
				</control>
				<control type="button" id="353">
					<description>Widget 3</description>
					<include>DefaultSettingButton</include>
					<label>$ADDON[script.skinshortcuts 32044] 3</label>
					<label2>$VAR[WidgetName3Label2Var]</label2>
					<onclick>ClearProperty(WidgetVisibility,home)</onclick>
					<onclick>SetProperty(widgetID, widget3)</onclick>
					<onclick>SendClick(312)</onclick>
					<visible>String.IsEqual(Window.Property(groupname),mainmenu)</visible>
					<visible>String.IsEqual(Container(211).ListItem.Property(widget),MediaWidget)</visible>
				</control>
				<control type="button" id="354">
					<description>Widget 4</description>
					<include>DefaultSettingButton</include>
					<label>$ADDON[script.skinshortcuts 32044] 4</label>
					<label2>$VAR[WidgetName4Label2Var]</label2>
					<onclick>ClearProperty(WidgetVisibility,home)</onclick>
					<onclick>SetProperty(widgetID, widget4)</onclick>
					<onclick>SendClick(312)</onclick>
					<visible>String.IsEqual(Window.Property(groupname),mainmenu)</visible>
					<visible>String.IsEqual(Container(211).ListItem.Property(widget),MediaWidget)</visible>
				</control>
				<control type="button" id="355">
					<description>Widget 5</description>
					<include>DefaultSettingButton</include>
					<label>$ADDON[script.skinshortcuts 32044] 5</label>
					<label2>$VAR[WidgetName5Label2Var]</label2>
					<onclick>ClearProperty(WidgetVisibility,home)</onclick>
					<onclick>SetProperty(widgetID, widget5)</onclick>
					<onclick>SendClick(312)</onclick>
					<visible>String.IsEqual(Window.Property(groupname),mainmenu)</visible>
					<visible>String.IsEqual(Container(211).ListItem.Property(widget),MediaWidget)</visible>
				</control>
				<control type="button" id="356">
					<description>Widget 6</description>
					<include>DefaultSettingButton</include>
					<label>$ADDON[script.skinshortcuts 32044] 6</label>
					<label2>$VAR[WidgetName6Label2Var]</label2>
					<onclick>ClearProperty(WidgetVisibility,home)</onclick>
					<onclick>SetProperty(widgetID, widget6)</onclick>
					<onclick>SendClick(312)</onclick>
					<visible>String.IsEqual(Window.Property(groupname),mainmenu)</visible>
					<visible>String.IsEqual(Container(211).ListItem.Property(widget),MediaWidget)</visible>
				</control>
				<control type="label" id="599">
					<description>Disable Menu Item Label</description>
					<include>DefaultSettingLabel</include>
					<label>Is$INFO[Container(211).ListItem.Property(skinshortcuts-disabled)]</label>
					<visible>false</visible>
				</control>
			</control>
			<control type="image">
				<description>Dialog Header image</description>
				<left>0</left>
				<top>160</top>
				<right>0</right>
				<height>3</height>
				<texture colordiffuse="button_focus" border="2">dialogs/separator-grey.png</texture>
			</control>
			<control type="image">
				<description>Dialog Header image</description>
				<left>0</left>
				<bottom>134</bottom>
				<right>0</right>
				<height>3</height>
				<texture colordiffuse="button_focus" border="2">dialogs/separator-grey.png</texture>
			</control>
		</control>
		<include content="TopBar">
			<param name="breadcrumbs_label" value="$LOCALIZE[5]$VAR[SkinShortcutsTitleVar]" />
		</include>
		<include>BottomBar</include>
		<control type="textbox" id="6">
			<include>OpenClose_Right</include>
			<description>Description Area</description>
			<left>600</left>
			<bottom>27</bottom>
			<width>1260</width>
			<height>100</height>
			<font>font12</font>
			<align>justify</align>
			<textcolor>button_focus</textcolor>
			<label>$INFO[Container(211).ListItem.Label]</label>
			<autoscroll time="3000" delay="5000" repeat="5000">true</autoscroll>
		</control>
	</controls>
</window>