<?xml version="1.0" encoding="UTF-8"?>
<window id="1203">
	<defaultcontrol always="true">9000</defaultcontrol>
	<onload>SetProperty(fanarthometype,settings,home)</onload>
	<onload>SetProperty(homebackground,$VAR[BackgroundSettingsVar],home)</onload>
	<backgroundcolor>background</backgroundcolor>
	<controls>
		<!-- Background -->
		<include>DefaultBackground</include>
		<control type="panel" id="9000">
			<centerleft>50%</centerleft>
			<width>1720</width>
			<centertop>50%</centertop>
			<height>870</height>
			<onleft>9000</onleft>
			<onright>9000</onright>
			<onup>9000</onup>
			<ondown>9000</ondown>
			<pagecontrol>60</pagecontrol>
			<include>OpenClose_Right</include>
			<itemlayout height="290" width="430">
				<control type="image">
					<width>430</width>
					<height>270</height>
					<texture>dialogs/dialog-bg-nobo.png</texture>
					<bordertexture border="21">overlays/shadow.png</bordertexture>
					<bordersize>20</bordersize>
				</control>
				<control type="image">
					<left>20</left>
					<top>180</top>
					<width>390</width>
					<height>70</height>
					<texture colordiffuse="border_alpha">colors/black.png</texture>
				</control>
				<control type="image">
					<centerleft>50%</centerleft>
					<top>20</top>
					<width>240</width>
					<height>160</height>
					<texture>$INFO[ListItem.Icon]</texture>
					<align>center</align>
					<aspectratio>scale</aspectratio>
				</control>
				<control type="label">
					<left>30</left>
					<top>190</top>
					<width>370</width>
					<height>400</height>
					<label>$INFO[ListItem.Label]</label>
					<align>center</align>
				</control>
			</itemlayout>
			<focusedlayout height="290" width="430">
				<control type="group">
					<depth>DepthContentPopout</depth>
					<animation type="Focus" reversible="false">
						<effect type="zoom" center="200,125" start="100" end="108" time="250" tween="sine" />
					</animation>
					<animation type="UnFocus" reversible="false">
						<effect type="zoom" center="200,125" start="108" end="100" time="250" tween="sine" />
					</animation>
					<control type="image">
						<width>430</width>
						<height>270</height>
						<texture>dialogs/dialog-bg-nobo.png</texture>
						<bordertexture border="21">overlays/shadow.png</bordertexture>
						<bordersize>20</bordersize>
					</control>
					<control type="image">
						<width>430</width>
						<height>270</height>
						<texture colordiffuse="$VAR[MainColorVar]">colors/grey.png</texture>
						<bordersize>20</bordersize>
						<include>Animation_FocusTextureFade</include>
					</control>
					<control type="image">
						<left>20</left>
						<top>180</top>
						<width>390</width>
						<height>70</height>
						<texture colordiffuse="border_alpha">colors/black.png</texture>
					</control>
					<control type="image">
						<centerleft>50%</centerleft>
						<top>20</top>
						<width>240</width>
						<height>160</height>
						<texture>$INFO[ListItem.Icon]</texture>
						<align>center</align>
						<aspectratio>scale</aspectratio>
					</control>
					<control type="label">
						<left>30</left>
						<top>190</top>
						<width>370</width>
						<height>400</height>
						<label>$INFO[ListItem.Label]</label>
						<align>center</align>
					</control>
				</control>
			</focusedlayout>
			<content>
				<item>
					<label>$LOCALIZE[157]</label>
					<onclick>ActivateWindow(VideosSettings)</onclick>
					<icon>icons/settings/video.png</icon>
				</item>
				<item>
					<label>$LOCALIZE[2]</label>
					<onclick>ActivateWindow(MusicSettings)</onclick>
					<icon>icons/settings/music.png</icon>
				</item>
				<item>
					<label>$LOCALIZE[1]</label>
					<onclick>ActivateWindow(PicturesSettings)</onclick>
					<icon>icons/settings/pictures.png</icon>
				</item>
			</content>
		</control>
		<control type="scrollbar" id="60">
			<right>0</right>
			<top>80</top>
			<width>12</width>
			<height>920</height>
			<onleft>5</onleft>
			<onright>5</onright>
			<orientation>vertical</orientation>
			<texturesliderbackground />
			<animation effect="fade" start="0" end="100" time="200" delay="300">Visible</animation>
			<animation effect="fade" start="100" end="0" time="200">Hidden</animation>
			<animation effect="slide" end="6,0" time="300" tween="sine" easing="inout" condition="!Control.HasFocus(60)">conditional</animation>
		</control>
		<include name="TopBar">
			<param name="breadcrumbs_label" value="$LOCALIZE[13000]" />
		</include>
		<include>BottomBar</include>
	</controls>
</window>
