<?xml version="1.0" encoding="UTF-8"?>
<includes>

	<!-- *** Types Widget *** -->

	<!-- Pictures Type -->
	<include name="Widget-Pictures">
		<include name="Widget-Square">
			<param name="widget_header" value="$PARAM[widget_header]"/>
			<param name="widget_target" value="$PARAM[widget_target]"/>
			<param name="content_path" value="$PARAM[content_path]"/>
			<param name="list_id" value="$PARAM[list_id]"/>
			<param name="fallback_image" value="DefaultAddon.png"/>
		</include>
	</include>
	<!-- Videos Type -->
	<include name="Widget-Videos">
		<include name="Widget-Square">
			<param name="widget_header" value="$PARAM[widget_header]"/>
			<param name="widget_target" value="$PARAM[widget_target]"/>
			<param name="content_path" value="$PARAM[content_path]"/>
			<param name="list_id" value="$PARAM[list_id]"/>
			<param name="fallback_image" value="DefaultAddon.png"/>
		</include>
	</include>
	<!-- Musics Type -->
	<include name="Widget-Musics">
		<include name="Widget-Square">
			<param name="widget_header" value="$PARAM[widget_header]"/>
			<param name="widget_target" value="$PARAM[widget_target]"/>
			<param name="content_path" value="$PARAM[content_path]"/>
			<param name="list_id" value="$PARAM[list_id]"/>
			<param name="fallback_image" value="DefaultAddon.png"/>
		</include>
	</include>
	<!-- Programs Type -->
	<include name="Widget-Programs">
		<include name="Widget-Square">
			<param name="widget_header" value="$PARAM[widget_header]"/>
			<param name="widget_target" value="$PARAM[widget_target]"/>
			<param name="content_path" value="$PARAM[content_path]"/>
			<param name="list_id" value="$PARAM[list_id]"/>
			<param name="fallback_image" value="DefaultAddon.png"/>
		</include>
	</include>
	<!-- Addons Type -->
	<include name="Widget-Addons">
		<include name="Widget-Square">
			<param name="widget_header" value="$PARAM[widget_header]"/>
			<param name="widget_target" value="$PARAM[widget_target]"/>
			<param name="content_path" value="$PARAM[content_path]"/>
			<param name="list_id" value="$PARAM[list_id]"/>
			<param name="sortby" value="lastused"/>
			<param name="sortorder" value="descending"/>
			<param name="fallback_image" value="DefaultAddon.png"/>
		</include>
	</include>
	<!-- Custom Addons Type -->
	<include name="Widget-AddonsCustom">
		<include name="Widget-Square">
			<param name="custom" value="true"/>
			<param name="widget_header" value="$PARAM[widget_header]"/>
			<param name="widget_target" value="$PARAM[widget_target]"/>
			<param name="list_id" value="$PARAM[list_id]"/>
			<param name="fallback_image" value="DefaultAddon.png"/>
		</include>
	</include>
	<!-- TV Timers Type -->
	<include name="Widget-TVTimers">
		<control type="grouplist" id="$PARAM[list_id]">
			<height>390</height>
			<left>0</left>
			<right>0</right>
			<top>36</top>
			<orientation>horizontal</orientation>
			<visible>PVR.IsRecordingTV | PVR.HasNonRecordingTVTimer</visible>
			<align>center</align>
			<control type="group">
				<width>674</width>
				<visible>PVR.IsRecordingTV</visible>
				<include name="Widget-PVR">
					<param name="icon" value="$INFO[PVR.TVNowRecordingChannelIcon]" />
					<param name="header" value="$LOCALIZE[19158]" />
					<param name="label1" value="$INFO[PVR.TVNowRecordingDateTime]" />
					<param name="label2" value="$INFO[PVR.TVNowRecordingTitle][CR][COLOR grey]$INFO[PVR.TVNowRecordingChannel][/COLOR]" />
				</include>
			</control>
			<control type="group">
				<width>674</width>
				<visible>PVR.HasNonRecordingTVTimer</visible>
				<include name="Widget-PVR">
					<param name="icon" value="$INFO[PVR.TVNextRecordingChannelIcon]" />
					<param name="header" value="$LOCALIZE[19157]" />
					<param name="label1" value="$INFO[PVR.TVNextRecordingDateTime]" />
					<param name="label2" value="$INFO[PVR.TVNextRecordingTitle][CR][COLOR grey]$INFO[PVR.TVNextRecordingChannel][/COLOR]" />
				</include>
			</control>
		</control>
	</include>
	<!-- Radio Timers Type -->
	<include name="Widget-RadioTimers">
		<control type="grouplist" id="$PARAM[list_id]">
			<height>390</height>
			<left>25</left>
			<top>36</top>
			<orientation>horizontal</orientation>
			<align>right</align>
			<width>1360</width>
			<visible>PVR.IsRecordingRadio | PVR.HasNonRecordingRadioTimer</visible>
			<control type="group">
				<width>680</width>
				<visible>PVR.IsRecordingRadio</visible>
				<include name="Widget-PVR">
					<param name="icon" value="$INFO[PVR.RadioNowRecordingChannelIcon]" />
					<param name="header" value="$LOCALIZE[19158]" />
					<param name="label1" value="$INFO[PVR.RadioNowRecordingDateTime]" />
					<param name="label2" value="$INFO[PVR.RadioNowRecordingTitle][CR][COLOR grey]$INFO[PVR.RadioNowRecordingChannel][/COLOR]" />
				</include>
			</control>
			<control type="group">
				<visible>PVR.HasNonRecordingRadioTimer</visible>
				<width>680</width>
				<include name="Widget-PVR">
					<param name="icon" value="$INFO[PVR.RadioNextRecordingChannelIcon]" />
					<param name="header" value="$LOCALIZE[19157]" />
					<param name="label1" value="$INFO[PVR.RadioNextRecordingDateTime]" />
					<param name="label2" value="$INFO[PVR.RadioNextRecordingTitle][CR][COLOR grey]$INFO[PVR.RadioNextRecordingChannel][/COLOR]" />
				</include>
			</control>
		</control>
	</include>
	<!-- PVR Channels Type -->
	<include name="Widget-PVRChannels">
		<include name="Widget-Channels">
			<param name="visible" value="System.HasPVRAddon"/>
			<param name="widget_header" value="$PARAM[widget_header]"/>
			<param name="widget_target" value="$PARAM[widget_target]"/>
			<param name="content_path" value="$PARAM[content_path]"/>
			<param name="list_id" value="$PARAM[list_id]"/>
			<param name="sortby" value="lastplayed"/>
			<param name="sortorder" value="descending"/>
		</include>
	</include>
	<!-- Custom PVR Channels Type -->
	<include name="Widget-PVRChannelsCustom">
		<include name="Widget-Channels">
			<param name="custom" value="true"/>
			<param name="visible" value="System.HasPVRAddon"/>
			<param name="widget_header" value="$PARAM[widget_header]"/>
			<param name="widget_target" value="$PARAM[widget_target]"/>
			<param name="list_id" value="$PARAM[list_id]"/>
			<param name="label2" value="$INFO[ListItem.Property(Title)]"/>
		</include>
	</include>
	<!-- PVR Recordings Type -->
	<include name="Widget-PVRRecordings">
		<include name="Widget-Channels">
			<param name="visible" value="System.HasPVRAddon"/>
			<param name="widget_header" value="$PARAM[widget_header]"/>
			<param name="widget_target" value="$PARAM[widget_target]"/>
			<param name="content_path" value="$PARAM[content_path]"/>
			<param name="list_id" value="$PARAM[list_id]"/>
			<param name="label" value="$INFO[ListItem.ChannelName]"/>
			<param name="label2" value="$INFO[ListItem.Title]$INFO[ListItem.EpisodeName, (,)]"/>
			<param name="sortby" value="date"/>
			<param name="sortorder" value="descending"/>
		</include>
	</include>
	<!-- Movies Type -->
	<include name="Widget-Movies">
		<include name="Widget-Posters">
			<param name="homebackground" value="false"/>
			<param name="widget_header" value="$PARAM[widget_header]"/>
			<param name="widget_target" value="$PARAM[widget_target]"/>
			<param name="content_path" value="$PARAM[content_path]"/>
			<param name="list_id" value="$PARAM[list_id]"/>
			<param name="sortby" value="$PARAM[sortby]"/>
			<param name="sortorder" value="$PARAM[sortorder]"/>
			<param name="fallback_image" value="DefaultMovies.png" />
		</include>
	</include>
	<!-- TVShows Type -->
	<include name="Widget-TVShows">
		<include name="Widget-Posters">
			<param name="widget_header" value="$PARAM[widget_header]"/>
			<param name="widget_target" value="$PARAM[widget_target]"/>
			<param name="content_path" value="$PARAM[content_path]"/>
			<param name="list_id" value="$PARAM[list_id]"/>
			<param name="sortby" value="$PARAM[sortby]"/>
			<param name="sortorder" value="$PARAM[sortorder]"/>
			<param name="fallback_image" value="DefaultTVShows.png" />
		</include>
	</include>
	<!-- Episodes Type -->
	<include name="Widget-Episodes">
		<include name="Widget-Thumbs">
			<param name="homebackground" value="false"/>
			<param name="widget_header" value="$PARAM[widget_header]"/>
			<param name="widget_target" value="$PARAM[widget_target]"/>
			<param name="content_path" value="$PARAM[content_path]"/>
			<param name="list_id" value="$PARAM[list_id]"/>
			<param name="fallback_image" value="DefaultTVShows.png" />
		</include>
	</include>
	<!-- Music Videos Type -->
	<include name="Widget-MusicVideos">
		<include name="Widget-Thumbs">
			<param name="widget_header" value="$PARAM[widget_header]"/>
			<param name="widget_target" value="$PARAM[widget_target]"/>
			<param name="content_path" value="$PARAM[content_path]"/>
			<param name="list_id" value="$PARAM[list_id]"/>
			<param name="main_label">$INFO[ListItem.Label]</param>
			<param name="sub_label">$INFO[ListItem.Artist]</param>
			<param name="thumb_label">$INFO[ListItem.Duration,, $LOCALIZE[31132]]</param>
			<param name="fallback_image" value="DefaultMusicVideos.png" />
		</include>
	</include>
	<!-- Albums Type -->
	<include name="Widget-Albums">
		<include name="Widget-Square">
			<param name="widget_header" value="$PARAM[widget_header]"/>
			<param name="widget_target" value="$PARAM[widget_target]"/>
			<param name="content_path" value="$PARAM[content_path]"/>
			<param name="list_id" value="$PARAM[list_id]"/>
			<param name="sortby" value="$PARAM[sortby]"/>
			<param name="sortorder" value="$PARAM[sortorder]"/>
			<param name="fallback_image" value="DefaultMusicAlbums.png"/>
		</include>
	</include>
	<!-- Artists Type -->
	<include name="Widget-Artists">
		<include name="Widget-Square">
			<param name="widget_header" value="$PARAM[widget_header]"/>
			<param name="widget_target" value="$PARAM[widget_target]"/>
			<param name="content_path" value="$PARAM[content_path]"/>
			<param name="list_id" value="$PARAM[list_id]"/>
			<param name="sortby" value="$PARAM[sortby]"/>
			<param name="sortorder" value="$PARAM[sortorder]"/>
			<param name="fallback_image" value="DefaultMusicArtists.png"/>
		</include>
	</include>
	<!-- Songs Type -->
	<include name="Widget-Songs">
		<include name="Widget-Square">
			<param name="homebackground" value="false"/>
			<param name="widget_header" value="$PARAM[widget_header]"/>
			<param name="widget_target" value="$PARAM[widget_target]"/>
			<param name="content_path" value="$PARAM[content_path]"/>
			<param name="list_id" value="$PARAM[list_id]"/>
			<param name="sortby" value="$PARAM[sortby]"/>
			<param name="sortorder" value="$PARAM[sortorder]"/>
			<param name="fallback_image" value="DefaultMusicSongs.png"/>
		</include>
	</include>
	<!-- Mixed Type -->
	<include name="Widget-Mixed">
		<include name="Widget-Square">
			<param name="widget_header" value="$PARAM[widget_header]"/>
			<param name="widget_target" value="$PARAM[widget_target]"/>
			<param name="content_path" value="$PARAM[content_path]"/>
			<param name="list_id" value="$PARAM[list_id]"/>
			<param name="sortby" value="$PARAM[sortby]"/>
			<param name="sortorder" value="$PARAM[sortorder]"/>
			<param name="fallback_image" value="DefaultMusicAlbums.png"/>
		</include>
	</include>
	<!-- Favourites List Type -->
	<include name="Widget-FavouritesList">
		<include name="Widget-Square">
			<param name="widget_header" value="$PARAM[widget_header]"/>
			<param name="widget_target" value="$PARAM[widget_target]"/>
			<param name="content_path" value="$PARAM[content_path]"/>
			<param name="list_id" value="$PARAM[list_id]"/>
			<param name="fallback_image" value="DefaultFavourites.png"/>
			<param name="favourites" value="true"/>
		</include>
	</include>
	<!-- Favourites Full Type -->
	<include name="Widget-FavouritesFull">
		<include name="Widget-Square-Favourites">
			<param name="list_id" value="$PARAM[list_id]"/>
		</include>
	</include>
	<!-- Playlists Type -->
	<include name="Widget-Playlists">
		<include name="Widget-Categories">
			<param name="scale" value="true"/>
			<param name="widget_header" value="$PARAM[widget_header]"/>
			<param name="widget_target" value="$PARAM[widget_target]"/>
			<param name="content_path" value="$PARAM[content_path]"/>
			<param name="list_id" value="$PARAM[list_id]"/>
			<param name="icon_height" value="100"/>
			<param name="fallback_image" value="DefaultPlaylist.png"/>
		</include>
	</include>
	<!-- Source Type -->
	<include name="Widget-Source">
		<include name="Widget-Categories">
			<param name="scale" value="true"/>
			<param name="widget_header" value="$PARAM[widget_header]"/>
			<param name="widget_target" value="$PARAM[widget_target]"/>
			<param name="content_path" value="$PARAM[content_path]"/>
			<param name="list_id" value="$PARAM[list_id]"/>
			<param name="icon_height" value="100"/>
		</include>
	</include>
	<!-- Movie Genres Type -->
	<include name="Widget-MovieGenres">
		<include name="Widget-Categories">
			<param name="scale" value="true"/>
			<param name="widget_header" value="$PARAM[widget_header]"/>
			<param name="widget_target" value="$PARAM[widget_target]"/>
			<param name="content_path" value="$PARAM[content_path]"/>
			<param name="list_id" value="$PARAM[list_id]"/>
			<param name="icon" value="$VAR[WidgetMovieGenreIconVar]"/>
			<param name="icon_height" value="100"/>
			<param name="fallback_image" value="DefaultGenre.png"/>
		</include>
	</include>
	<!-- Music Genres Type -->
	<include name="Widget-MusicGenres">
		<include name="Widget-Categories">
			<param name="scale" value="true"/>
			<param name="widget_header" value="$PARAM[widget_header]"/>
			<param name="widget_target" value="$PARAM[widget_target]"/>
			<param name="content_path" value="$PARAM[content_path]"/>
			<param name="list_id" value="$PARAM[list_id]"/>
			<param name="icon" value="$VAR[WidgetMusicGenreIconVar]"/>
			<param name="icon_height" value="100"/>
			<param name="fallback_image" value="DefaultMusicGenres.png"/>
		</include>
	</include>
	<!-- Studios Type -->
	<include name="Widget-Studios">
		<include content="Widget-Categories">
			<param name="scale" value="true"/>
			<param name="widget_header" value="$PARAM[widget_header]"/>
			<param name="widget_target" value="$PARAM[widget_target]"/>
			<param name="content_path" value="$PARAM[content_path]"/>
			<param name="list_id" value="$PARAM[list_id]"/>
			<param name="icon" value="$VAR[WidgetStudioIconVar]"/>
			<param name="icon_height" value="100"/>
			<param name="fallback_image" value="DefaultStudios.png"/>
		</include>
	</include>
	<!-- Country Type -->
	<include name="Widget-Country">
		<include name="Widget-Categories">
			<param name="scale" value="true"/>
			<param name="widget_header" value="$PARAM[widget_header]"/>
			<param name="widget_target" value="$PARAM[widget_target]"/>
			<param name="content_path" value="$PARAM[content_path]"/>
			<param name="list_id" value="$PARAM[list_id]"/>
			<param name="icon" value="$VAR[WidgetCountryIconVar]"/>
			<param name="icon_height" value="100"/>
			<param name="fallback_image" value="DefaultCountry.png"/>
		</include>
	</include>
	<!-- Other Type -->
	<include name="Widget-Other">
		<include name="Widget-Square">
			<param name="widget_header" value="$PARAM[widget_header]"/>
			<param name="widget_target" value="$PARAM[widget_target]"/>
			<param name="content_path" value="$PARAM[content_path]"/>
			<param name="list_id" value="$PARAM[list_id]"/>
			<param name="sortby" value="$PARAM[sortby]"/>
			<param name="sortorder" value="$PARAM[sortorder]"/>
			<param name="fallback_image" value="DefaultFolder.png"/>
		</include>
	</include>
	<!-- SubMenu Type -->
	<include name="Widget-SubMenu">
		<include name="Widget-Categories">
			<param name="homebackground" value="false"/>
			<param name="custom" value="$PARAM[custom]"/>
			<param name="visible" value="$PARAM[visible]"/>
			<param name="item_limit" value="20"/>
			<param name="widget_header" value="$PARAM[widget_header]"/>
			<param name="content_path" value="$PARAM[content_path]"/>
			<param name="widget_target" value="$PARAM[widget_target]"/>
			<param name="list_id" value="$PARAM[list_id]"/>
			<param name="type" value="$PARAM[type]"/>
		</include>
	</include>
	<!-- Weather Daily -->
	<include name="Widget-WeatherDaily">
		<include name="Widget-Weather">
			<param name="content_include" value="DailyItems" />
			<param name="widget_header" value="$PARAM[widget_header]"/>
			<param name="visible" value="$PARAM[visible]" />
			<param name="list_id" value="$PARAM[list_id]" />
		</include>
	</include>
	<!-- Weather Hourly -->
	<include name="Widget-WeatherHourly">
		<include name="Widget-Weather">
			<param name="content_include" value="HourlyItems" />
			<param name="widget_header" value="$PARAM[widget_header]"/>
			<param name="visible" value="$PARAM[visible]" />
			<param name="list_id" value="$PARAM[list_id]" />
		</include>
	</include>

	<!-- *** Common Widget *** -->

	<!-- Widget Group Common -->
	<include name="WidgetGroup-Common">
		<orientation>vertical</orientation>
		<height>100%</height>
		<scrolltime tween="cubic" easing="out">500</scrolltime>
		<itemgap>-160</itemgap>
		<onup>200000</onup>
		<ondown>200001</ondown>
		<usecontrolcoords>true</usecontrolcoords>
	</include>
	<!-- Widget Common -->
	<include name="Widget-Common">
		<scrolltime tween="cubic" easing="out">500</scrolltime>
		<orientation>horizontal</orientation>
		<onleft>9000</onleft>
		<onright>noop</onright>
		<onunfocus>ClearProperty(weatherfanartcode,home)</onunfocus>
		<onunfocus>ClearProperty(mediaartfanart,home)</onunfocus>
		<onunfocus>SetProperty(listposition,$INFO[Container($PARAM[list_id]).Position],home)</onunfocus>
		<onfocus>Control.Move($PARAM[list_id],-$INFO[Container($PARAM[list_id]).Position])</onfocus>
		<onfocus>Control.Move($PARAM[list_id],$INFO[Window(home).Property(listposition)])</onfocus>
		<onback>PageUp</onback>
		<onback>PageUp</onback>
		<onback>PageUp</onback>
		<onback>PageUp</onback>
		<preloaditems>2</preloaditems>
	</include>
	<!-- Busy List Spinner -->
	<include name="BusyListSpinner">
		<param name="posy">160</param>
		<param name="visible">true</param>
		<definition>
			<control type="group" id="$PARAM[list_id]1">
				<height>160</height>
				<left>180</left>
				<visible>Container($PARAM[list_id]).IsUpdating + !IntegerGreaterThan(Container($PARAM[list_id]).NumItems,0)</visible>
				<visible>$PARAM[visible]</visible>
				<control type="image">
					<top>$PARAM[posy]</top>
					<width>100</width>
					<height>100</height>
					<aspectratio aligny="center">keep</aspectratio>
					<texture colordiffuse="black">dialogs/extendedprogress/loading-back.png</texture>
				</control>
				<control type="image">
					<top>$PARAM[posy]</top>
					<width>100</width>
					<height>100</height>
					<aspectratio aligny="center">keep</aspectratio>
					<texture>dialogs/extendedprogress/loading.png</texture>
					<animation effect="rotate" center="auto" start="360" end="0" time="1500" loop="true" condition="true">Conditional</animation>
				</control>
			</control>
		</definition>
	</include>
	<!-- Category Label -->
	<include name="CategoryLabel">
		<param name="visible">true</param>
		<definition>
			<control type="group" id="$PARAM[list_id]2">
				<left>55</left>
				<top>80</top>
				<width>900</width>
				<height>90</height>
				<visible>$PARAM[visible]</visible>
				<visible>IntegerGreaterThan(Container($PARAM[list_id]).NumItems,0) | Container($PARAM[list_id]).IsUpdating</visible>
				<control type="image">
					<left>2</left>
					<top>13</top>
					<width>11</width>
					<height>11</height>
					<texture colordiffuse="$VAR[SkinColorVar]">frame/puce.png</texture>
				</control>
				<control type="label">
					<left>22</left>
					<top>0</top>
					<right>2</right>
					<height>90</height>
					<label>$PARAM[label]</label>
					<font>font25_title</font>
					<shadowcolor>text_shadow</shadowcolor>
				</control>
				<control type="label">
					<left>22</left>
					<top>0</top>
					<right>2</right>
					<height>90</height>
					<label>$PARAM[label] |$INFO[Container($PARAM[list_id]).Listitem.Label, [B],[/B]]</label>
					<font>font25_title</font>
					<shadowcolor>text_shadow</shadowcolor>
					<visible>Control.HasFocus($PARAM[list_id]) + Skin.HasSetting(LabelFocusWidget)</visible>
				</control>
			</control>
		</definition>
	</include>
	<include name="CategoryLabel-Weather">
		<param name="visible">true</param>
		<definition>
			<control type="group" id="$PARAM[list_id]2">
				<left>55</left>
				<top>80</top>
				<width>900</width>
				<height>90</height>
				<visible>$PARAM[visible]</visible>
				<visible>IntegerGreaterThan(Container($PARAM[list_id]).NumItems,0) | Container($PARAM[list_id]).IsUpdating</visible>
				<control type="image">
					<left>2</left>
					<top>13</top>
					<width>11</width>
					<height>11</height>
					<texture colordiffuse="$VAR[SkinColorVar]">frame/puce.png</texture>
				</control>
				<control type="label">
					<left>22</left>
					<top>0</top>
					<right>2</right>
					<height>90</height>
					<label>$PARAM[label]</label>
					<font>font25_title</font>
					<shadowcolor>text_shadow</shadowcolor>
				</control>
				<control type="label">
					<left>22</left>
					<top>0</top>
					<right>2</right>
					<height>90</height>
					<label>$PARAM[label] |$INFO[Container($PARAM[list_id]).Listitem.Label, [COLOR white][B],[/B][/COLOR]] $INFO[Container($PARAM[list_id]).Listitem.Label2, [COLOR white][B],[/B][/COLOR]]</label>
					<font>font25_title</font>
					<shadowcolor>text_shadow</shadowcolor>
					<visible>Control.HasFocus($PARAM[list_id]) + Skin.HasSetting(LabelFocusWidget)</visible>
				</control>
			</control>
		</definition>
	</include>
	<include name="CategoryLabel-original">
		<param name="visible">true</param>
		<definition>
			<control type="label" id="$PARAM[list_id]2">
				<left>55</left>
				<top>80</top>
				<width>900</width>
				<height>90</height>
				<label>$PARAM[label]</label>
				<shadowcolor>text_shadow</shadowcolor>
				<visible>$PARAM[visible]</visible>
				<visible>IntegerGreaterThan(Container($PARAM[list_id]).NumItems,0) | Container($PARAM[list_id]).IsUpdating</visible>
			</control>
		</definition>
	</include>
	<!-- Widget Dynamic Content -->
	<include name="Widget-Content">
		<content sortby="$PARAM[sortby]" sortorder="$PARAM[sortorder]" target="$PARAM[widget_target]" limit="$PARAM[item_limit]">$PARAM[content_path]</content>
	</include>
	<!-- Widget Static Content -->
	<include name="Widget-ContentCustom">
		<content>
			<include name="$PARAM[content_path]">
				<param name="type" value="$PARAM[type]"/>
			</include>
		</content>
	</include>
	<!-- Widget PVR Common  -->
	<include name="Widget-PVR">
		<control type="image">
			<top>80</top>
			<left>16</left>
			<width>670</width>
			<height>225</height>
			<texture border="21">dialogs/dialog-bg.png</texture>
		</control>
		<control type="image">
			<left>55</left>
			<top>122</top>
			<width>140</width>
			<height>140</height>
			<aspectratio>keep</aspectratio>
			<texture background="true" fallback="DefaultVideo.png">$PARAM[icon]</texture>
		</control>
		<control type="label">
			<left>225</left>
			<top>127</top>
			<height>25</height>
			<width>420</width>
			<label>$PARAM[header]</label>
			<aligny>center</aligny>
			<font>font36_title</font>
			<shadowcolor>black</shadowcolor>
		</control>
		<control type="label">
			<left>225</left>
			<top>172</top>
			<height>105</height>
			<width>420</width>
			<label>$PARAM[label1][CR]$PARAM[label2]</label>
			<font>font12</font>
			<shadowcolor>black</shadowcolor>
		</control>
	</include>

	<!-- *** General Widget *** -->

	<!-- Categories -->
	<include name="Widget-Categories">
		<param name="visible">true</param>
		<param name="custom">false</param>
		<param name="homebackground">true</param>
		<param name="type">no</param>
		<param name="item_limit">$VAR[WidgetLimitItemsVar]</param>
		<param name="scale">false</param>
		<param name="icon">$INFO[ListItem.Icon]</param>
		<param name="icon_height">120</param>
		<param name="fallback_image">DefaultFolder.png</param>
		<param name="sortby"></param>
		<param name="sortorder"></param>
		<definition>
			<include name="CategoryLabel">
				<param name="label">$PARAM[widget_header]</param>
				<param name="list_id" value="$PARAM[list_id]"/>
				<param name="visible" value="$PARAM[visible]"/>
			</include>
			<include name="BusyListSpinner">
				<param name="list_id" value="$PARAM[list_id]"/>
				<param name="visible" value="$PARAM[visible]"/>
			</include>
			<control type="panel" id="$PARAM[list_id]">
				<left>0</left>
				<top>110</top>
				<right>0</right>
				<height>290</height>
				<include name="Widget-Common">
					<param name="list_id" value="$PARAM[list_id]"/>
				</include>
				<visible>$PARAM[visible]</visible>
				<visible>IntegerGreaterThan(Container($PARAM[list_id]).NumItems,0) | Container($PARAM[list_id]).IsUpdating</visible>
				<itemlayout width="310" height="340">
					<control type="group">
						<left>70</left>
						<control type="image">
							<width>316</width>
							<height>200</height>
							<texture>dialogs/dialog-bg-nobo.png</texture>
							<bordertexture border="21">overlays/shadow.png</bordertexture>
							<bordersize>20</bordersize>
							<visible>!Skin.HasSetting(Categoriebackgroundoff)</visible>
						</control>
						<control type="image">
							<centertop>74</centertop>
							<left>62</left>
							<width>200</width>
							<height>$PARAM[icon_height]</height>
							<texture fallback="$PARAM[fallback_image]">$PARAM[icon]</texture>
							<aspectratio>keep</aspectratio>
							<visible>!$PARAM[scale]</visible>
						</control>
						<control type="image">
							<top>25</top>
							<left>62</left>
							<width>200</width>
							<height>$PARAM[icon_height]</height>
							<texture fallback="$PARAM[fallback_image]">$PARAM[icon]</texture>
							<aspectratio>keep</aspectratio>
							<visible>$PARAM[scale]</visible>
						</control>
						<control type="textbox">
							<left>42</left>
							<top>106</top>
							<width>240</width>
							<height>70</height>
							<label>$INFO[ListItem.Label]</label>
							<font>font25_narrow</font>
							<shadowcolor>text_shadow</shadowcolor>
							<align>center</align>
							<aligny>center</aligny>
                            <visible>!$PARAM[scale]</visible>
						</control>
						<control type="textbox">
							<left>42</left>
							<top>114</top>
							<width>240</width>
							<height>70</height>
							<label>$INFO[ListItem.Label]</label>
							<font>font25_narrow</font>
							<shadowcolor>text_shadow</shadowcolor>
							<align>center</align>
							<aligny>center</aligny>
                            <visible>$PARAM[scale]</visible>
						</control>
					</control>
				</itemlayout>
				<focusedlayout width="310" height="340">
					<control type="group">
						<depth>DepthContentPopout</depth>
						<left>70</left>
						<animation type="Focus">
							<effect type="zoom" start="100" end="115" time="200" tween="sine" easing="inout" center="228,70" />
						</animation>
						<animation type="Unfocus">
							<effect type="zoom" start="115" end="100" time="200" tween="sine" easing="inout" center="228,70" />
						</animation>
						<control type="button">
							<onfocus>SetProperty(mediaartfanart,$INFO[Container($PARAM[list_id]).ListItem.Art(fanart)],home)</onfocus>
							<onfocus condition="$PARAM[homebackground]">SetProperty(fanarthometype,$VAR[HomeMenuTypeVar],home)</onfocus>
							<onfocus condition="$PARAM[homebackground]">SetProperty(homebackground,$VAR[HomeMenuBackgroundVar],home)</onfocus>
							<texturenofocus></texturenofocus>
							<texturefocus></texturefocus>
						</control>
						<control type="image">
							<width>316</width>
							<height>200</height>
							<texture>dialogs/dialog-bg-nobo.png</texture>
							<bordertexture border="21">overlays/shadow.png</bordertexture>
							<bordersize>20</bordersize>
							<visible>!Skin.HasSetting(Categoriebackgroundoff)</visible>
						</control>
						<control type="image">
							<width>316</width>
							<height>200</height>
							<texture colordiffuse="$VAR[MainColorVar]">colors/grey.png</texture>
							<bordersize>20</bordersize>
							<include>Animation_FocusTextureFade</include>
							<visible>!Skin.HasSetting(Categoriebackgroundoff)</visible>
						</control>
						<control type="image">
							<centertop>74</centertop>
							<left>62</left>
							<width>200</width>
							<height>$PARAM[icon_height]</height>
							<texture colordiffuse="$VAR[MainColorVar]" fallback="$PARAM[fallback_image]">$PARAM[icon]</texture>
							<aspectratio>keep</aspectratio>
							<visible>!$PARAM[scale] + Skin.HasSetting(Categoriebackgroundoff)</visible>
						</control>
						<control type="image">
							<top>25</top>
							<left>62</left>
							<width>200</width>
							<height>$PARAM[icon_height]</height>
							<texture colordiffuse="$VAR[MainColorVar]" fallback="$PARAM[fallback_image]">$PARAM[icon]</texture>
							<aspectratio>keep</aspectratio>
							<visible>$PARAM[scale] + Skin.HasSetting(Categoriebackgroundoff)</visible>
						</control>
						<control type="image">
							<centertop>74</centertop>
							<left>62</left>
							<width>200</width>
							<height>$PARAM[icon_height]</height>
							<texture fallback="$PARAM[fallback_image]">$PARAM[icon]</texture>
							<aspectratio>keep</aspectratio>
							<visible>!$PARAM[scale] + !Skin.HasSetting(Categoriebackgroundoff)</visible>
						</control>
						<control type="image">
							<top>25</top>
							<left>62</left>
							<width>200</width>
							<height>$PARAM[icon_height]</height>
							<texture fallback="$PARAM[fallback_image]">$PARAM[icon]</texture>
							<aspectratio>keep</aspectratio>
							<visible>$PARAM[scale] + !Skin.HasSetting(Categoriebackgroundoff)</visible>
						</control>
						<control type="textbox">
							<left>42</left>
							<top>106</top>
							<width>240</width>
							<height>70</height>
							<label>$INFO[ListItem.Label]</label>
							<font>font25_narrow</font>
							<shadowcolor>text_shadow</shadowcolor>
							<align>center</align>
							<aligny>center</aligny>
                            <visible>!$PARAM[scale] + !Skin.HasSetting(Categoriebackgroundoff)</visible>
						</control>
						<control type="textbox">
							<left>42</left>
							<top>106</top>
							<width>240</width>
							<height>70</height>
							<label>$INFO[ListItem.Label]</label>
							<font>font25_narrow</font>
							<textcolor>$VAR[MainColorVar]</textcolor>
							<shadowcolor>text_shadow</shadowcolor>
							<align>center</align>
							<aligny>center</aligny>
                            <visible>!$PARAM[scale] + Skin.HasSetting(Categoriebackgroundoff)</visible>
						</control>
						<control type="textbox">
							<left>42</left>
							<top>114</top>
							<width>240</width>
							<height>70</height>
							<label>$INFO[ListItem.Label]</label>
							<font>font25_narrow</font>
							<shadowcolor>text_shadow</shadowcolor>
							<align>center</align>
							<aligny>center</aligny>
                            <visible>$PARAM[scale] + !Skin.HasSetting(Categoriebackgroundoff)</visible>
						</control>
						<control type="textbox">
							<left>42</left>
							<top>114</top>
							<width>240</width>
							<height>70</height>
							<label>$INFO[ListItem.Label]</label>
							<font>font25_narrow</font>
							<textcolor>$VAR[MainColorVar]</textcolor>
							<shadowcolor>text_shadow</shadowcolor>
							<align>center</align>
							<aligny>center</aligny>
                            <visible>$PARAM[scale] + Skin.HasSetting(Categoriebackgroundoff)</visible>
						</control>
					</control>
				</focusedlayout>
				<include condition="!$PARAM[custom]" name="Widget-Content">
					<param name="sortby" value="$PARAM[sortby]"/>
					<param name="sortorder" value="$PARAM[sortorder]"/>
					<param name="widget_target" value="$PARAM[widget_target]"/>
					<param name="item_limit" value="$PARAM[item_limit]"/>
					<param name="content_path" value="$PARAM[content_path]"/>
				</include>
				<include condition="$PARAM[custom]" name="Widget-ContentCustom">
					<param name="content_path" value="$PARAM[content_path]"/>
					<param name="type" value="$PARAM[type]"/>
				</include>
			</control>
		</definition>
	</include>
	<!-- Posters -->
	<include name="Widget-Posters">
		<param name="visible">true</param>
		<param name="custom">false</param>
		<param name="homebackground">true</param>
		<param name="type">no</param>
		<param name="item_limit">$VAR[WidgetLimitItemsVar]</param>
		<param name="fallback_image">DefaultFolder.png</param>
		<param name="sortby"></param>
		<param name="sortorder"></param>
		<definition>
			<include name="CategoryLabel">
				<param name="label">$PARAM[widget_header]</param>
				<param name="list_id" value="$PARAM[list_id]"/>
			</include>
			<include name="BusyListSpinner">
				<param name="list_id" value="$PARAM[list_id]"/>
				<param name="posy" value="250"/>
			</include>
			<control type="panel" id="$PARAM[list_id]">
				<left>0</left>
				<top>115</top>
				<visible>$PARAM[visible]</visible>
				<visible>IntegerGreaterThan(Container($PARAM[list_id]).NumItems,0) | Container($PARAM[list_id]).IsUpdating</visible>
				<right>0</right>
				<height>500</height>
				<include name="Widget-Common">
					<param name="list_id" value="$PARAM[list_id]"/>
				</include>
				<itemlayout width="310" height="486">
					<control type="group">
						<left>68</left>
						<top>10</top>
						<include name="InfoWallMovieLayout">
							<param name="fallback_image" value="$PARAM[fallback_image]" />
							<param name="focused" value="false" />
						</include>
					</control>
				</itemlayout>
				<focusedlayout width="310" height="486">
					<control type="group">
						<depth>DepthContentPopout</depth>
						<left>68</left>
						<top>10</top>
						<animation type="Focus">
							<effect type="zoom" start="100" end="110" time="200" tween="sine" easing="inout" center="230,130" />
						</animation>
						<animation type="Unfocus">
							<effect type="zoom" start="110" end="100" time="200" tween="sine" easing="inout" center="230,130" />
						</animation>
						<control type="button">
							<onfocus>SetProperty(mediaartfanart,$INFO[Container($PARAM[list_id]).ListItem.Art(fanart)],home)</onfocus>
							<onfocus condition="$PARAM[homebackground]">SetProperty(fanarthometype,$VAR[HomeMenuTypeVar],home)</onfocus>
							<onfocus condition="$PARAM[homebackground]">SetProperty(homebackground,$VAR[HomeMenuBackgroundVar],home)</onfocus>
							<texturenofocus></texturenofocus>
							<texturefocus></texturefocus>
						</control>
						<include name="InfoWallMovieLayout">
							<param name="fallback_image" value="$PARAM[fallback_image]" />
							<param name="focused" value="true" />
						</include>
					</control>
				</focusedlayout>
				<include condition="!$PARAM[custom]" name="Widget-Content">
					<param name="sortby" value="$PARAM[sortby]"/>
					<param name="sortorder" value="$PARAM[sortorder]"/>
					<param name="widget_target" value="$PARAM[widget_target]"/>
					<param name="item_limit" value="$PARAM[item_limit]"/>
					<param name="content_path" value="$PARAM[content_path]"/>
				</include>
				<include condition="$PARAM[custom]" name="Widget-ContentCustom">
					<param name="content_path" value="$PARAM[content_path]"/>
					<param name="type" value="$PARAM[type]"/>
				</include>
			</control>
		</definition>
	</include>
	<!-- Thumbs -->
	<include name="Widget-Thumbs">
		<param name="visible">true</param>
		<param name="custom">false</param>
		<param name="homebackground">true</param>
		<param name="type">no</param>
		<param name="item_limit">$VAR[WidgetLimitItemsVar]</param>
		<param name="main_label">$INFO[ListItem.Title]</param>
		<param name="sub_label">$INFO[ListItem.TVShowTitle]</param>
		<param name="thumb_label">$INFO[ListItem.Season,,x]$INFO[ListItem.Episode]</param>
		<param name="fallback_image">DefaultFolder.png</param>
		<param name="sortby"></param>
		<param name="sortorder"></param>
		<definition>
			<include name="CategoryLabel">
				<param name="label">$PARAM[widget_header]</param>
				<param name="list_id" value="$PARAM[list_id]"/>
			</include>
			<include name="BusyListSpinner">
				<param name="list_id" value="$PARAM[list_id]"/>
				<param name="posy" value="200"/>
			</include>
			<control type="panel" id="$PARAM[list_id]">
				<left>0</left>
				<top>105</top>
				<right>0</right>
				<height>410</height>
				<include name="Widget-Common">
					<param name="list_id" value="$PARAM[list_id]"/>
				</include>
				<visible>$PARAM[visible]</visible>
				<visible>IntegerGreaterThan(Container($PARAM[list_id]).NumItems,0) | Container($PARAM[list_id]).IsUpdating</visible>
				<itemlayout width="310" height="500">
					<control type="group">
						<left>70</left>
						<top>5</top>
						<include name="InfoWallEpisodeLayout">
							<param name="main_label" value="$PARAM[main_label]" />
							<param name="sub_label" value="$PARAM[sub_label]" />
							<param name="thumb_label" value="$PARAM[thumb_label]" />
							<param name="fallback_image" value="$PARAM[fallback_image]" />
							<param name="focused" value="false" />
						</include>
					</control>
				</itemlayout>
				<focusedlayout width="310" height="500">
					<control type="group">
						<depth>DepthContentPopout</depth>
						<left>70</left>
						<top>5</top>
						<animation type="Focus">
							<effect type="zoom" start="100" end="112" time="200" tween="sine" easing="inout" center="230,120" />
						</animation>
						<animation type="Unfocus">
							<effect type="zoom" start="112" end="100" time="200" tween="sine" easing="inout" center="230,120" />
						</animation>
						<control type="button">
							<onfocus>SetProperty(mediaartfanart,$INFO[Container($PARAM[list_id]).ListItem.Art(fanart)],home)</onfocus>
							<onfocus condition="$PARAM[homebackground]">SetProperty(fanarthometype,$VAR[HomeMenuTypeVar],home)</onfocus>
							<onfocus condition="$PARAM[homebackground]">SetProperty(homebackground,$VAR[HomeMenuBackgroundVar],home)</onfocus>
							<texturenofocus></texturenofocus>
							<texturefocus></texturefocus>
						</control>
						<include name="InfoWallEpisodeLayout">
							<param name="main_label" value="$PARAM[main_label]" />
							<param name="sub_label" value="$PARAM[sub_label]" />
							<param name="thumb_label" value="$PARAM[thumb_label]" />
							<param name="fallback_image" value="$PARAM[fallback_image]" />
							<param name="focused" value="true" />
						</include>
					</control>
				</focusedlayout>
				<include condition="!$PARAM[custom]" name="Widget-Content">
					<param name="sortby" value="$PARAM[sortby]"/>
					<param name="sortorder" value="$PARAM[sortorder]"/>
					<param name="widget_target" value="$PARAM[widget_target]"/>
					<param name="item_limit" value="$PARAM[item_limit]"/>
					<param name="content_path" value="$PARAM[content_path]"/>
				</include>
				<include condition="$PARAM[custom]" name="Widget-ContentCustom">
					<param name="content_path" value="$PARAM[content_path]"/>
					<param name="type" value="$PARAM[type]"/>
				</include>
			</control>
		</definition>
	</include>
	<!-- Square -->
	<include name="Widget-Square">
		<param name="visible">true</param>
		<param name="custom">false</param>
		<param name="homebackground">true</param>
		<param name="favourites">false</param>
		<param name="type">no</param>
		<param name="item_limit">$VAR[WidgetLimitItemsVar]</param>
		<param name="sub_label">$INFO[ListItem.Label]</param>
		<param name="fallback_image">DefaultFolder.png</param>
		<param name="sortby"></param>
		<param name="sortorder"></param>
		<definition>
			<include name="CategoryLabel">
				<param name="label">$PARAM[widget_header]</param>
				<param name="list_id" value="$PARAM[list_id]"/>
			</include>
			<include name="BusyListSpinner">
				<param name="list_id" value="$PARAM[list_id]"/>
				<param name="posy" value="220"/>
			</include>
			<control type="panel" id="$PARAM[list_id]">
				<left>0</left>
				<top>120</top>
				<right>0</right>
				<height>500</height>
				<include name="Widget-Common">
					<param name="list_id" value="$PARAM[list_id]"/>
				</include>
				<!-- on jarvis it's brokes addons
				<onclick condition="$PARAM[favourites]">$INFO[ListItem.FileNameAndPath]</onclick>
				-->
				<visible>$PARAM[visible]</visible>
				<visible>IntegerGreaterThan(Container($PARAM[list_id]).NumItems,0) | Container($PARAM[list_id]).IsUpdating</visible>
				<itemlayout width="310" height="500">
					<control type="group">
						<left>70</left>
						<include name="InfoWallMusicLayout">
							<param name="main_label" value="$PARAM[main_label]" />
							<param name="single_label" value="$PARAM[single_label]" />
							<param name="sub_label" value="$PARAM[sub_label]" />
							<param name="fallback_image" value="$PARAM[fallback_image]" />
							<param name="focused" value="false" />
						</include>
					</control>
				</itemlayout>
				<focusedlayout width="310" height="500">
					<control type="group">
						<depth>DepthContentPopout</depth>
						<left>70</left>
						<animation type="Focus">
							<effect type="zoom" start="100" end="112" time="200" tween="sine" easing="inout" center="240,120" />
						</animation>
						<animation type="Unfocus">
							<effect type="zoom" start="112" end="100" time="200" tween="sine" easing="inout" center="240,120" />
						</animation>
						<control type="button">
							<onfocus condition="!$PARAM[custom]">SetProperty(mediaartfanart,$INFO[Container($PARAM[list_id]).ListItem.Art(fanart)],home)</onfocus>
							<onfocus condition="$PARAM[custom]">SetProperty(mediaartfanart,$INFO[Container($PARAM[list_id]).ListItem.Property(AddonFanart)],home)</onfocus>
							<onfocus condition="$PARAM[homebackground]">SetProperty(fanarthometype,$VAR[HomeMenuTypeVar],home)</onfocus>
							<onfocus condition="$PARAM[homebackground]">SetProperty(homebackground,$VAR[HomeMenuBackgroundVar],home)</onfocus>
							<texturenofocus></texturenofocus>
							<texturefocus></texturefocus>
						</control>
						<include name="InfoWallMusicLayout">
							<param name="main_label" value="$PARAM[main_label]" />
							<param name="single_label" value="$PARAM[single_label]" />
							<param name="sub_label" value="$PARAM[sub_label]" />
							<param name="fallback_image" value="$PARAM[fallback_image]" />
							<param name="focused" value="true" />
						</include>
					</control>
				</focusedlayout>
				<include condition="!$PARAM[custom]" name="Widget-Content">
					<param name="sortby" value="$PARAM[sortby]"/>
					<param name="sortorder" value="$PARAM[sortorder]"/>
					<param name="widget_target" value="$PARAM[widget_target]"/>
					<param name="item_limit" value="$PARAM[item_limit]"/>
					<param name="content_path" value="$PARAM[content_path]"/>
				</include>
				<include condition="$PARAM[custom]" name="Widget-ContentCustom">
					<param name="content_path" value="CustomAddons$PARAM[widget_target]"/>
					<param name="type" value="$PARAM[type]"/>
				</include>
			</control>
		</definition>
	</include>
	<!-- Square-Favourites -->
	<include name="Widget-Square-Favourites">
		<param name="visible">true</param>
		<param name="homebackground">true</param>
		<param name="sub_label">$INFO[ListItem.Label]</param>
		<param name="fallback_image">DefaultFavourites.png</param>
		<definition>
			<control type="panel" id="$PARAM[list_id]">
				<left>0</left>
				<top>120</top>
				<right>0</right>
				<height>1000</height>
				<onleft>9000</onleft>
				<onright>9000</onright>
				<onup>$PARAM[list_id]</onup>
				<ondown>$PARAM[list_id]</ondown>
				<preloaditems>2</preloaditems>
				<scrolltime tween="cubic" easing="out">500</scrolltime>
				<orientation>vertical</orientation>
				<onclick>$INFO[ListItem.FileNameAndPath]</onclick>
				<visible>$PARAM[visible]</visible>
				<visible>IntegerGreaterThan(Container($PARAM[list_id]).NumItems,0) | Container($PARAM[list_id]).IsUpdating</visible>
				<itemlayout width="330" height="396">
					<control type="group">
						<left>70</left>
						<include name="InfoWallMusicLayout">
							<param name="sub_label" value="$PARAM[sub_label]" />
							<param name="fallback_image" value="$PARAM[fallback_image]" />
							<param name="focused" value="false" />
						</include>
					</control>
				</itemlayout>
				<focusedlayout width="330" height="396">
					<control type="group">
						<depth>DepthContentPopout</depth>
						<left>70</left>
						<animation type="Focus">
							<effect type="zoom" start="100" end="112" time="200" tween="sine" easing="inout" center="240,120" />
						</animation>
						<animation type="Unfocus">
							<effect type="zoom" start="112" end="100" time="200" tween="sine" easing="inout" center="240,120" />
						</animation>
						<control type="button">
							<onfocus condition="$PARAM[homebackground]">SetProperty(fanarthometype,$VAR[HomeMenuTypeVar],home)</onfocus>
							<onfocus condition="$PARAM[homebackground]">SetProperty(homebackground,$VAR[HomeMenuBackgroundVar],home)</onfocus>
							<texturenofocus></texturenofocus>
							<texturefocus></texturefocus>
						</control>
						<include name="InfoWallMusicLayout">
							<param name="sub_label" value="$PARAM[sub_label]" />
							<param name="fallback_image" value="$PARAM[fallback_image]" />
							<param name="focused" value="true" />
						</include>
					</control>
				</focusedlayout>
				<content>favourites://</content>
			</control>
		</definition>
	</include>
	<!-- Channels -->
	<include name="Widget-Channels">
		<param name="visible">true</param>
		<param name="custom">false</param>
		<param name="homebackground">true</param>
		<param name="type">no</param>
		<param name="item_limit">$VAR[WidgetLimitItemsVar]</param>
		<param name="icon">$INFO[ListItem.Icon]</param>
		<param name="label">$INFO[ListItem.Label]</param>
		<param name="label2">$INFO[ListItem.Title]</param>
		<param name="sortby"></param>
		<param name="sortorder"></param>
		<definition>
			<include name="CategoryLabel">
				<param name="label">$PARAM[widget_header]</param>
				<param name="list_id" value="$PARAM[list_id]"/>
			</include>
			<include name="BusyListSpinner">
				<param name="list_id" value="$PARAM[list_id]"/>
				<param name="posy" value="200"/>
			</include>
			<control type="panel" id="$PARAM[list_id]">
				<left>0</left>
				<top>120</top>
				<right>0</right>
				<height>430</height>
				<include name="Widget-Common">
					<param name="list_id" value="$PARAM[list_id]"/>
				</include>
				<visible>$PARAM[visible]</visible>
				<visible>IntegerGreaterThan(Container($PARAM[list_id]).NumItems,0) | Container($PARAM[list_id]).IsUpdating</visible>
				<itemlayout width="310" height="500">
					<control type="group">
						<left>70</left>
						<control type="image">
							<width>319</width>
							<height>340</height>
							<texture>dialogs/dialog-bg-nobo.png</texture>
							<bordertexture border="21">overlays/shadow.png</bordertexture>
							<bordersize>20</bordersize>
						</control>
						<control type="image">
							<top>43</top>
							<left>38</left>
							<width>245</width>
							<height>200</height>
							<texture fallback="DefaultTVShows.png">$PARAM[icon]</texture>
							<aspectratio>keep</aspectratio>
						</control>
						<control type="label">
							<left>42</left>
							<top>247</top>
							<width>245</width>
							<height>70</height>
							<label>$PARAM[label]</label>
							<font>font12</font>
							<shadowcolor>text_shadow</shadowcolor>
							<align>center</align>
							<aligny>top</aligny>
						</control>
						<control type="label">
							<left>42</left>
							<top>277</top>
							<width>245</width>
							<height>65</height>
							<label>$PARAM[label2]</label>
							<font>font12</font>
							<shadowcolor>text_shadow</shadowcolor>
							<align>center</align>
							<aligny>top</aligny>
						</control>
						<control type="image">
							<left>260</left>
							<top>30</top>
							<width>32</width>
							<height>32</height>
							<texture>$VAR[WallWatchedIconVar]</texture>
						</control>
					</control>
				</itemlayout>
				<focusedlayout width="310" height="500">
					<control type="group">
						<depth>DepthContentPopout</depth>
						<left>70</left>
						<animation type="Focus">
							<effect type="zoom" start="100" end="110" time="200" tween="sine" easing="inout" center="240,100" />
						</animation>
						<animation type="Unfocus">
							<effect type="zoom" start="110" end="100" time="200" tween="sine" easing="inout" center="240,100" />
						</animation>
						<control type="button">
							<onfocus condition="$PARAM[homebackground]">SetProperty(fanarthometype,$VAR[HomeMenuTypeVar],home)</onfocus>
							<onfocus condition="$PARAM[homebackground]">SetProperty(homebackground,$VAR[HomeMenuBackgroundVar],home)</onfocus>
							<texturenofocus></texturenofocus>
							<texturefocus></texturefocus>
						</control>
						<control type="image">
							<width>319</width>
							<height>340</height>
							<texture>dialogs/dialog-bg-nobo.png</texture>
							<bordertexture border="21">overlays/shadow.png</bordertexture>
							<bordersize>20</bordersize>
						</control>
						<control type="image">
							<width>319</width>
							<height>340</height>
							<texture colordiffuse="$VAR[MainColorVar]">colors/grey.png</texture>
							<bordersize>20</bordersize>
							<include>Animation_FocusTextureFade</include>
						</control>
						<control type="image">
							<top>43</top>
							<left>38</left>
							<width>245</width>
							<height>200</height>
							<texture fallback="DefaultTVShows.png">$PARAM[icon]</texture>
							<aspectratio>keep</aspectratio>
						</control>
						<control type="label">
							<left>42</left>
							<top>247</top>
							<width>245</width>
							<height>70</height>
							<label>$PARAM[label]</label>
							<font>font12</font>
							<shadowcolor>text_shadow</shadowcolor>
							<align>center</align>
							<scroll>true</scroll>
							<aligny>top</aligny>
						</control>
						<control type="label">
							<left>42</left>
							<top>277</top>
							<width>245</width>
							<height>65</height>
							<label>$PARAM[label2]</label>
							<font>font12</font>
							<shadowcolor>text_shadow</shadowcolor>
							<align>center</align>
							<scroll>true</scroll>
							<aligny>top</aligny>
						</control>
						<control type="image">
							<left>260</left>
							<top>30</top>
							<width>32</width>
							<height>32</height>
							<texture>$VAR[WallWatchedIconVar]</texture>
						</control>
					</control>
				</focusedlayout>
				<include condition="!$PARAM[custom]" name="Widget-Content">
					<param name="sortby" value="$PARAM[sortby]"/>
					<param name="sortorder" value="$PARAM[sortorder]"/>
					<param name="widget_target" value="$PARAM[widget_target]"/>
					<param name="item_limit" value="$PARAM[item_limit]"/>
					<param name="content_path" value="$PARAM[content_path]"/>
				</include>
				<include condition="$PARAM[custom]" name="Widget-ContentCustom">
					<param name="content_path" value="CustomChannels$PARAM[widget_target]"/>
					<param name="type" value="$PARAM[type]"/>
				</include>
			</control>
		</definition>
	</include>
	<!-- Image -->
	<include name="Widget-Image">
		<param name="visible">true</param>
		<param name="visible_1">true</param>
		<param name="visible_2">true</param>
		<param name="button2_label">$LOCALIZE[31116]</param>
		<param name="button2_onclick">true</param>
		<definition>
			<control type="group" id="$PARAM[button_id]0">
				<visible>$PARAM[visible]</visible>
				<control type="grouplist" id="$PARAM[button_id]1">
					<orientation>vertical</orientation>
					<top>0</top>
					<bottom>0</bottom>
					<left>50</left>
					<right>50</right>
					<align>center</align>
					<control type="textbox">
						<width>100%</width>
						<height min="0" max="300">auto</height>
						<label>$PARAM[text_label]</label>
						<align>center</align>
						<font>font14</font>
					</control>
					<control type="grouplist" id="$PARAM[button_id]2">
						<width>100%</width>
						<onup>9000</onup>
						<ondown>9000</ondown>
						<orientation>horizontal</orientation>
						<align>center</align>
						<onleft>9000</onleft>
						<onright>9000</onright>
						<control type="button" id="$PARAM[button_id]3">
							<width>auto</width>
							<height>110</height>
							<label>$PARAM[button_label]</label>
							<textoffsetx>40</textoffsetx>
							<onclick>$PARAM[button_onclick]</onclick>
							<align>center</align>
							<texturefocus border="23" colordiffuse="$VAR[MainColorVar]">buttons/dialogbutton-fo.png</texturefocus>
							<texturenofocus border="40">buttons/dialogbutton-nofo.png</texturenofocus>
							<visible>$PARAM[visible_1]</visible>
						</control>
						<control type="button" id="$PARAM[button_id]4">
							<width>auto</width>
							<height>110</height>
							<label>$PARAM[button2_label]</label>
							<textoffsetx>40</textoffsetx>
							<onclick>$PARAM[button2_onclick]</onclick>
							<onclick>SetFocus(9000)</onclick>
							<align>center</align>
							<texturefocus border="23" colordiffuse="$VAR[MainColorVar]">buttons/dialogbutton-fo.png</texturefocus>
							<texturenofocus border="40">buttons/dialogbutton-nofo.png</texturenofocus>
							<visible>$PARAM[visible_2]</visible>
						</control>
					</control>
				</control>
			</control>
		</definition>
	</include>

	<!-- *** Weather Widget *** -->

	<!-- Weather Main -->
	<include name="Widget-Weather">
		<param name="width">266</param>
		<definition>
			<include name="CategoryLabel-Weather">
				<param name="label">$PARAM[widget_header]</param>
				<param name="list_id" value="$PARAM[list_id]"/>
				<param name="visible" value="$PARAM[visible]"/>
			</include>
			<control type="panel" id="$PARAM[list_id]">
				<left>0</left>
				<top>90</top>
				<right>0</right>
				<height>396</height>
				<include name="Widget-Common">
					<param name="list_id" value="$PARAM[list_id]"/>
				</include>
				<visible>$PARAM[visible]</visible>
				<itemlayout width="$PARAM[width]" height="320">
					<control type="group">
						<left>70</left>
						<control type="image">
							<left>0</left>
							<top>20</top>
							<width>254</width>
							<height>280</height>
							<texture>dialogs/dialog-bg-nobo.png</texture>
							<bordertexture border="21">overlays/shadow.png</bordertexture>
							<bordersize>20</bordersize>
							<visible>!Skin.HasSetting(Weatherbackgroundoff)</visible>
						</control>
						<include name="WeatherIcons">
							<param name="left" value="60" />
							<param name="top" value="108" />
							<param name="width" value="130" />
							<param name="height" value="130" />
							<param name="image_1" value="$INFO[ListItem.Icon]" />
							<param name="image_multi" value="$INFO[ListItem.Icon]" />
						</include>
						<control type="label">
							<left>15</left>
							<top>45</top>
							<align>center</align>
							<label>$INFO[ListItem.Label]</label>
							<width>230</width>
						</control>
						<control type="label">
							<left>15</left>
							<top>78</top>
							<align>center</align>
							<font>font12</font>
							<label>$INFO[ListItem.Property(ShortDate)]</label>
							<width>230</width>
						</control>
						<control type="label">
							<left>15</left>
							<top>236</top>
							<align>center</align>
							<label>$INFO[ListItem.Label2]</label>
							<font>font12</font>
							<width>230</width>
						</control>
					</control>
				</itemlayout>
				<focusedlayout width="$PARAM[width]" height="400">
					<control type="group">
						<left>70</left>
						<depth>DepthContentPopout</depth>
						<animation type="Focus">
							<effect type="zoom" start="100" end="110" time="200" tween="sine" easing="inout" center="180,140" />
						</animation>
						<animation type="Unfocus">
							<effect type="zoom" start="110" end="100" time="200" tween="sine" easing="inout" center="180,140" />
						</animation>
						<control type="button">
							<onfocus>SetProperty(weatherfanartcode,$INFO[Container($PARAM[list_id]).ListItem.Property(FanartCode)],home)</onfocus>
							<texturenofocus></texturenofocus>
							<texturefocus></texturefocus>
						</control>
						<control type="image">
							<left>0</left>
							<top>20</top>
							<width>254</width>
							<height>280</height>
							<texture>dialogs/dialog-bg-nobo.png</texture>
							<bordertexture border="21">overlays/shadow.png</bordertexture>
							<bordersize>20</bordersize>
							<visible>!Skin.HasSetting(Weatherbackgroundoff)</visible>
						</control>
						<control type="image">
							<left>0</left>
							<top>20</top>
							<width>254</width>
							<height>280</height>
							<texture colordiffuse="$VAR[MainColorVar]">colors/grey.png</texture>
							<bordersize>20</bordersize>
							<include>Animation_FocusTextureFade</include>
							<visible>!Skin.HasSetting(Weatherbackgroundoff)</visible>
						</control>
						<include name="WeatherIcons">
							<param name="left" value="60" />
							<param name="top" value="108" />
							<param name="width" value="130" />
							<param name="height" value="130" />
							<param name="image_1" value="$INFO[ListItem.Icon]" />
							<param name="image_multi" value="$INFO[ListItem.Icon]" />
						</include>
						<control type="label">
							<left>15</left>
							<top>45</top>
							<align>center</align>
							<label>$INFO[ListItem.Label]</label>
							<width>230</width>
						</control>
						<control type="label">
							<left>15</left>
							<top>78</top>
							<align>center</align>
							<font>font12</font>
							<label>$INFO[ListItem.Property(ShortDate)]</label>
							<width>230</width>
						</control>
						<control type="label">
							<left>15</left>
							<top>236</top>
							<align>center</align>
							<label>$INFO[ListItem.Label2]</label>
							<font>font12</font>
							<width>230</width>
						</control>
					</control>
				</focusedlayout>
				<include>$PARAM[content_include]</include>
			</control>
		</definition>
	</include>
	<!-- Weather Content Hourly -->
	<include name="HourlyItems">
		<content>
			<include name="WeatherNAItem">
				<param name="visible" value="IsEmpty(Window(weather).Property(Hourly.IsFetched))" />
			</include>
			<include name="WeatherHourlyItem">
				<param name="item_index" value="1" />
			</include>
			<include name="WeatherHourlyItem">
				<param name="item_index" value="2" />
			</include>
			<include name="WeatherHourlyItem">
				<param name="item_index" value="3" />
			</include>
			<include name="WeatherHourlyItem">
				<param name="item_index" value="4" />
			</include>
			<include name="WeatherHourlyItem">
				<param name="item_index" value="5" />
			</include>
			<include name="WeatherHourlyItem">
				<param name="item_index" value="6" />
			</include>
			<include name="WeatherHourlyItem">
				<param name="item_index" value="7" />
			</include>
			<include name="WeatherHourlyItem">
				<param name="item_index" value="8" />
			</include>
			<include name="WeatherHourlyItem">
				<param name="item_index" value="9" />
			</include>
			<include name="WeatherHourlyItem">
				<param name="item_index" value="10" />
			</include>
		</content>
	</include>
	<!-- Weather Content Daily -->
	<include name="DailyItems">
		<content>
			<include name="WeatherNAItem">
				<param name="visible" value="IsEmpty(Window(weather).Property(Daily.IsFetched))" />
			</include>
			<include name="WeatherDailyItem">
				<param name="item_index" value="1" />
			</include>
			<include name="WeatherDailyItem">
				<param name="item_index" value="2" />
			</include>
			<include name="WeatherDailyItem">
				<param name="item_index" value="3" />
			</include>
			<include name="WeatherDailyItem">
				<param name="item_index" value="4" />
			</include>
			<include name="WeatherDailyItem">
				<param name="item_index" value="5" />
			</include>
			<include name="WeatherDailyItem">
				<param name="item_index" value="6" />
			</include>
			<include name="WeatherDailyItem">
				<param name="item_index" value="7" />
			</include>
			<include name="WeatherDailyItem">
				<param name="item_index" value="8" />
			</include>
			<include name="WeatherDailyItem">
				<param name="item_index" value="9" />
			</include>
			<include name="WeatherDailyItem">
				<param name="item_index" value="10" />
			</include>
			<include name="WeatherDailyItem">
				<param name="item_index" value="11" />
			</include>
			<include name="WeatherDailyItem">
				<param name="item_index" value="12" />
			</include>
			<include name="WeatherDailyItem">
				<param name="item_index" value="13" />
			</include>
			<include name="WeatherDailyItem">
				<param name="item_index" value="14" />
			</include>
		</content>
	</include>
	<!-- Weather None Item -->
	<include name="WeatherNAItem">
		<item>
			<icon>resource://resource.images.weathericons.default/na.png</icon>
			<onclick>noop</onclick>
			<visible>$PARAM[visible]</visible>
			<visible>IsEmpty(Skin.String(WeatherIcons.path))</visible>
		</item>
		<item>
			<icon>$INFO[Skin.String(WeatherIcons.path)]/na.png</icon>
			<onclick>noop</onclick>
			<visible>$PARAM[visible]</visible>
			<visible>!IsEmpty(Skin.String(WeatherIcons.path)) + !Skin.HasSetting(WeatherIcons.multi)</visible>
		</item>
		<item>
			<icon>$INFO[Skin.String(WeatherIcons.path)]/</icon>
			<onclick>noop</onclick>
			<visible>$PARAM[visible]</visible>
			<visible>!IsEmpty(Skin.String(WeatherIcons.path)) + Skin.HasSetting(WeatherIcons.multi)</visible>
		</item>
	</include>
	<!-- Weather Hourly Item -->
	<include name="WeatherHourlyItem">
		<item>
			<label>$INFO[Window(weather).Property(Hourly.$PARAM[item_index].Time)]</label>
			<label2>$INFO[Window(weather).Property(Hourly.$PARAM[item_index].Temperature)] - $INFO[Window(weather).Property(Hourly.$PARAM[item_index].Precipitation)]</label2>
			<property name="Temperature">$INFO[Window(weather).Property(Hourly.$PARAM[item_index].Temperature)]</property>
			<property name="Outlook">$INFO[Window(weather).Property(Hourly.$PARAM[item_id].Outlook)]</property>
			<property name="Cloudiness">$INFO[Window(weather).Property(Hourly.$PARAM[item_index].Cloudiness)]</property>
			<property name="ShortDate">$INFO[Window(weather).Property(Hourly.$PARAM[item_index].ShortDate)]</property>
			<property name="FanartCode">$INFO[Window(weather).Property(Hourly.$PARAM[item_index].FanartCode)]</property>
			<thumb>resource://resource.images.weathericons.default/$INFO[Window(weather).Property(Hourly.$PARAM[item_index].FanartCode),,.png]</thumb>
			<onclick>noop</onclick>
			<visible>!IsEmpty(Window(weather).Property(Hourly.$PARAM[item_index].Outlook))</visible>
			<visible>IsEmpty(Skin.String(WeatherIcons.path))</visible>
		</item>
		<item>
			<label>$INFO[Window(weather).Property(Hourly.$PARAM[item_index].Time)]</label>
			<label2>$INFO[Window(weather).Property(Hourly.$PARAM[item_index].Temperature)] - $INFO[Window(weather).Property(Hourly.$PARAM[item_index].Precipitation)]</label2>
			<property name="Temperature">$INFO[Window(weather).Property(Hourly.$PARAM[item_index].Temperature)]</property>
			<property name="Outlook">$INFO[Window(weather).Property(Hourly.$PARAM[item_id].Outlook)]</property>
			<property name="Cloudiness">$INFO[Window(weather).Property(Hourly.$PARAM[item_index].Cloudiness)]</property>
			<property name="ShortDate">$INFO[Window(weather).Property(Hourly.$PARAM[item_index].ShortDate)]</property>
			<property name="FanartCode">$INFO[Window(weather).Property(Hourly.$PARAM[item_index].FanartCode)]</property>
			<thumb>$INFO[Skin.String(WeatherIcons.path)]$INFO[Window(weather).Property(Hourly.$PARAM[item_index].FanartCode),,.png]</thumb>
			<onclick>noop</onclick>
			<visible>!IsEmpty(Window(weather).Property(Hourly.$PARAM[item_index].Outlook))</visible>
			<visible>!IsEmpty(Skin.String(WeatherIcons.path)) + !Skin.HasSetting(WeatherIcons.multi)</visible>
		</item>
		<item>
			<label>$INFO[Window(weather).Property(Hourly.$PARAM[item_index].Time)]</label>
			<label2>$INFO[Window(weather).Property(Hourly.$PARAM[item_index].Temperature)] - $INFO[Window(weather).Property(Hourly.$PARAM[item_index].Precipitation)]</label2>
			<property name="Temperature">$INFO[Window(weather).Property(Hourly.$PARAM[item_index].Temperature)]</property>
			<property name="Outlook">$INFO[Window(weather).Property(Hourly.$PARAM[item_id].Outlook)]</property>
			<property name="Cloudiness">$INFO[Window(weather).Property(Hourly.$PARAM[item_index].Cloudiness)]</property>
			<property name="ShortDate">$INFO[Window(weather).Property(Hourly.$PARAM[item_index].ShortDate)]</property>
			<property name="FanartCode">$INFO[Window(weather).Property(Hourly.$PARAM[item_index].FanartCode)]</property>
			<thumb>$INFO[Skin.String(WeatherIcons.path)]$INFO[Window(weather).Property(Hourly.$PARAM[item_index].FanartCode),,/]</thumb>
			<onclick>noop</onclick>
			<visible>!IsEmpty(Window(weather).Property(Hourly.$PARAM[item_index].Outlook))</visible>
			<visible>!IsEmpty(Skin.String(WeatherIcons.path)) + Skin.HasSetting(WeatherIcons.multi)</visible>
		</item>
	</include>
	<!-- Weather Daily Item -->
	<include name="WeatherDailyItem">
		<item>
			<label>$INFO[Window(weather).Property(Daily.$PARAM[item_index].ShortDay)]</label>
			<label2>[COLOR blue]$INFO[Window(weather).Property(Daily.$PARAM[item_index].LowTemperature)][/COLOR] - [COLOR red]$INFO[Window(weather).Property(Daily.$PARAM[item_index].HighTemperature)][/COLOR]</label2>
			<property name="LongDay">$INFO[Window(weather).Property(Daily.$PARAM[item_index].LongDay)]</property>
			<property name="TempDay">$INFO[Window(weather).Property(Daily.$PARAM[item_index].TempDay)]</property>
			<property name="Cloudiness">$INFO[Window(weather).Property(Daily.$PARAM[item_index].Cloudiness)]</property>
			<property name="Outlook">$INFO[Window(weather).Property(Daily.$PARAM[item_index].Outlook)]</property>
			<property name="ShortDate">$INFO[Window(weather).Property(Daily.$PARAM[item_index].ShortDate)]</property>
			<property name="FanartCode">$INFO[Window(weather).Property(Daily.$PARAM[item_index].FanartCode)]</property>
			<thumb>resource://resource.images.weathericons.default/$INFO[Window(weather).Property(Daily.$PARAM[item_index].FanartCode),,.png]</thumb>
			<onclick>noop</onclick>
			<visible>!IsEmpty(Window(weather).Property(Daily.$PARAM[item_index].Outlook))</visible>
			<visible>IsEmpty(Skin.String(WeatherIcons.path))</visible>
		</item>
		<item>
			<label>$INFO[Window(weather).Property(Daily.$PARAM[item_index].ShortDay)]</label>
			<label2>[COLOR blue]$INFO[Window(weather).Property(Daily.$PARAM[item_index].LowTemperature)][/COLOR] - [COLOR red]$INFO[Window(weather).Property(Daily.$PARAM[item_index].HighTemperature)][/COLOR]</label2>
			<property name="LongDay">$INFO[Window(weather).Property(Daily.$PARAM[item_index].LongDay)]</property>
			<property name="TempDay">$INFO[Window(weather).Property(Daily.$PARAM[item_index].TempDay)]</property>
			<property name="Cloudiness">$INFO[Window(weather).Property(Daily.$PARAM[item_index].Cloudiness)]</property>
			<property name="Outlook">$INFO[Window(weather).Property(Daily.$PARAM[item_index].Outlook)]</property>
			<property name="ShortDate">$INFO[Window(weather).Property(Daily.$PARAM[item_index].ShortDate)]</property>
			<property name="FanartCode">$INFO[Window(weather).Property(Daily.$PARAM[item_index].FanartCode)]</property>
			<thumb>$INFO[Skin.String(WeatherIcons.path)]$INFO[Window(weather).Property(Daily.$PARAM[item_index].FanartCode),,.png]</thumb>
			<onclick>noop</onclick>
			<visible>!IsEmpty(Window(weather).Property(Daily.$PARAM[item_index].Outlook))</visible>
			<visible>!IsEmpty(Skin.String(WeatherIcons.path)) + !Skin.HasSetting(WeatherIcons.multi)</visible>
		</item>
		<item>
			<label>$INFO[Window(weather).Property(Daily.$PARAM[item_index].ShortDay)]</label>
			<label2>[COLOR blue]$INFO[Window(weather).Property(Daily.$PARAM[item_index].LowTemperature)][/COLOR] - [COLOR red]$INFO[Window(weather).Property(Daily.$PARAM[item_index].HighTemperature)][/COLOR]</label2>
			<property name="LongDay">$INFO[Window(weather).Property(Daily.$PARAM[item_index].LongDay)]</property>
			<property name="TempDay">$INFO[Window(weather).Property(Daily.$PARAM[item_index].TempDay)]</property>
			<property name="Cloudiness">$INFO[Window(weather).Property(Daily.$PARAM[item_index].Cloudiness)]</property>
			<property name="Outlook">$INFO[Window(weather).Property(Daily.$PARAM[item_index].Outlook)]</property>
			<property name="ShortDate">$INFO[Window(weather).Property(Daily.$PARAM[item_index].ShortDate)]</property>
			<property name="FanartCode">$INFO[Window(weather).Property(Daily.$PARAM[item_index].FanartCode)]</property>
			<thumb>$INFO[Skin.String(WeatherIcons.path)]$INFO[Window(weather).Property(Daily.$PARAM[item_index].FanartCode),,/]</thumb>
			<onclick>noop</onclick>
			<visible>!IsEmpty(Window(weather).Property(Daily.$PARAM[item_index].Outlook))</visible>
			<visible>!IsEmpty(Skin.String(WeatherIcons.path)) + Skin.HasSetting(WeatherIcons.multi)</visible>
		</item>
	</include>
	<!-- Weather Map Item -->
	<include name="WeatherMapItem">
		<control type="group" id="700$PARAM[item_id]">
			<height>1110</height>
			<visible>Weather.IsFetched + !IsEmpty(Window(weather).Property(Map.$PARAM[item_id].Area)) + !IsEmpty(Window(weather).Property(Map.IsFetched))</visible>
			<centerleft>50%</centerleft>
			<width>1920</width>
			<control type="image" id="700$PARAM[item_id]1">
				<left>50</left>
				<top>100</top>
				<width>1820</width>
				<height>920</height>
				<texture>dialogs/dialog-bg-nobo.png</texture>
				<bordertexture border="21">overlays/shadow.png</bordertexture>
				<bordersize>20</bordersize>
			</control>
			<control type="image" id="700$PARAM[item_id]2">
				<left>120</left>
				<top>160</top>
				<width>1680</width>
				<height>800</height>
				<texture>$INFO[Window(weather).Property(Map.$PARAM[item_id].Area)]</texture>
				<aspectratio>scale</aspectratio>
			</control>
			<control type="image" id="700$PARAM[item_id]3">
				<left>120</left>
				<top>160</top>
				<width>1680</width>
				<height>800</height>
				<texture>$INFO[Window(weather).Property(Map.$PARAM[item_id].Layer)]</texture>
				<aspectratio>scale</aspectratio>
				<colordiffuse>70FFFFFF</colordiffuse>
			</control>
			<control type="image" id="700$PARAM[item_id]4">
				<left>1340</left>
				<top>880</top>
				<width>350</width>
				<height>55</height>
				<texture>$INFO[Window(weather).Property(Map.$PARAM[item_id].Legend)]</texture>
			</control>
		</control>
		<control type="button" id="700$PARAM[item_id]0">
			<left>1000</left>
			<top>0</top>
			<width>340</width>
			<height>100</height>
			<align>center</align>
			<aligny>center</aligny>
			<textoffsetx>40</textoffsetx>
			<textoffsety>0</textoffsety>
			<texturenofocus border="21">buttons/button-nofo.png</texturenofocus>
			<animation effect="slide" end="0,-90" time="0" condition="true">Conditional</animation>
			<texturefocus border="21" colordiffuse="$VAR[MainColorVar]">buttons/button-fo.png</texturefocus>
			<font>font30_title</font>
			<onclick>noop</onclick>
			<label>$INFO[Window(weather).Property(Map.$PARAM[item_id].Heading)]</label>
			<visible>Weather.IsFetched + !IsEmpty(Window(weather).Property(Map.$PARAM[item_id].Area)) + !IsEmpty(Window(weather).Property(Map.IsFetched))</visible>
		</control>
	</include>
	<!-- *** Settings Safonov *** -->
	<include name="NotHideMainMenuWithWidgets">
		<left>462</left>
	</include>
	<include name="HideMainMenuWithWidgets">
		<left>-40</left>
	</include>
	<include name="twopanel">
		<bottom>110</bottom>
	</include>
	<include name="onepanel">
		<bottom>-10</bottom>
	</include>
</includes>
