<?xml version="1.0" encoding="UTF-8"?>
<includes>
	<include name="View_56_ClearLogos">
		<control type="group">
			<visible>Control.IsVisible(56)</visible>
			<include>Visible_Right</include>
			<include>OpenClose_Right</include>
			<top>160</top>
			<control type="image">
				<left>65</left>
				<top>218</top>
				<width>28</width>
				<height>28</height>
				<texture flipx="true" colordiffuse="$VAR[MainColorVar]">overlays/arrowright.png</texture>
				<animation effect="zoom" start="0,100" end="100,100" center="auto" time="200">VisibleChange</animation>
				<animation effect="zoom" start="0,100" end="100,100" delay="500" center="auto" time="200">WindowOpen</animation>
				<animation effect="zoom" start="100,100" end="0,100" center="auto" time="200">WindowClose</animation>
			</control>
			<control type="image">
				<right>65</right>
				<top>218</top>
				<width>28</width>
				<height>28</height>
				<texture colordiffuse="$VAR[MainColorVar]">overlays/arrowright.png</texture>
				<animation effect="zoom" start="0,100" end="100,100" center="auto" time="200">VisibleChange</animation>
				<animation effect="zoom" start="0,100" end="100,100" delay="500" center="auto" time="200">WindowOpen</animation>
				<animation effect="zoom" start="100,100" end="0,100" center="auto" time="200">WindowClose</animation>
			</control>
			<control type="button" id="56500">
				<left>65</left>
				<top>218</top>
				<width>28</width>
				<height>28</height>
				<texturefocus></texturefocus>
				<texturenofocus></texturenofocus>
				<onclick>Control.Move(56,-1)</onclick>
				<visible allowhiddenfocus="true">Container(56).HasPrevious + [Control.HasFocus(56) | Control.HasFocus(56500)]</visible>
			</control>
			<control type="button" id="56501">
				<right>65</right>
				<top>218</top>
				<width>28</width>
				<height>28</height>
				<texturefocus></texturefocus>
				<texturenofocus></texturenofocus>
				<onclick>Control.Move(56,1)</onclick>
				<visible allowhiddenfocus="true">Container(56).HasNext + [Control.HasFocus(56) | Control.HasFocus(56501)]</visible>
			</control>
			<include name="View_ClearLogos">
				<param name="id" value="56" />
				<param name="condition" value="Container.Content(sets) | Container.Content(tvshows) | Container.Content(movies)" />
			</include>
		</control>
	</include>
	<include name="View_ClearLogos">
		<include>View_Clear_Top</include>
		<control type="group">
			<control type="wraplist" id="$PARAM[id]">
				<top>495</top>
				<left>-358</left>
				<width>2736</width>
				<height>230</height>
				<onleft>$PARAM[id]</onleft>
				<onright>$PARAM[id]</onright>
				<ondown>5199</ondown>
				<onup>9000</onup>
				<pagecontrol>5199</pagecontrol>
				<focusposition>3</focusposition>
				<preloaditems>1</preloaditems>
				<orientation>horizontal</orientation>
				<viewtype label="$LOCALIZE[43201]">bigwide</viewtype>
				<scrolltime tween="cubic" easing="out">500</scrolltime>
				<visible>$PARAM[condition]</visible>
				<itemlayout height="230" width="378">
					<control type="group">
						<visible>IsEmpty(ListItem.Art(clearlogo))</visible>
						<visible>IsEmpty(ListItem.Art(tvshow.clearlogo))</visible>
						<control type="image">
							<top>18</top>
							<left>13</left>
							<width>344</width>
							<height>194</height>
							<aspectratio>scale</aspectratio>
							<texture fallback="DefaultVideo.png">$VAR[NoClearViewVar]</texture>
							<visible>!StringCompare(ListItem.Label,..)</visible>
						</control>
						<control type="image">
							<top>18</top>
							<left>13</left>
							<width>344</width>
							<height>194</height>
							<aspectratio>keep</aspectratio>
							<texture fallback="DefaultVideo.png">$VAR[NoClearViewVar]</texture>
							<visible>StringCompare(ListItem.Label,..)</visible>
						</control>
						<control type="image">
							<top>178</top>
							<left>13</left>
							<width>344</width>
							<height>35</height>
							<texture colordiffuse="CCFFFFFF">overlays/overlayfade.png</texture>
							<visible>!StringCompare(ListItem.Label,..)</visible>
						</control>
						<control type="label">
							<top>181</top>
							<left>13</left>
							<width>344</width>
							<height>30</height>
							<align>center</align>
							<aligny>center</aligny>
							<scroll>true</scroll>
							<font>font10</font>
							<label>$INFO[ListItem.Label]</label>
							<visible>!StringCompare(ListItem.Label,..)</visible>
						</control>
					</control>
					<control type="image">
						<top>22</top>
						<left>20</left>
						<height>186</height>
						<width>330</width>
						<aspectratio align="center" aligny="center">keep</aspectratio>
						<texture>$VAR[ClearLogoViewVar]</texture>
					</control>
				</itemlayout>
				<focusedlayout height="230" width="378">
					<control type="group">
						<visible>IsEmpty(ListItem.Art(clearlogo))</visible>
						<visible>IsEmpty(ListItem.Art(tvshow.clearlogo))</visible>
						<control type="image">
							<top>18</top>
							<left>13</left>
							<width>344</width>
							<height>194</height>
							<aspectratio>scale</aspectratio>
							<texture fallback="DefaultVideo.png">$VAR[NoClearViewVar]</texture>
							<visible>!StringCompare(ListItem.Label,..)</visible>
						</control>
						<control type="image">
							<top>18</top>
							<left>13</left>
							<width>344</width>
							<height>194</height>
							<aspectratio>keep</aspectratio>
							<texture fallback="DefaultVideo.png">$VAR[NoClearViewVar]</texture>
							<visible>StringCompare(ListItem.Label,..)</visible>
						</control>
						<control type="image">
							<top>178</top>
							<left>13</left>
							<width>344</width>
							<height>35</height>
							<texture colordiffuse="CCFFFFFF">overlays/overlayfade.png</texture>
							<visible>!StringCompare(ListItem.Label,..)</visible>
						</control>
						<control type="label">
							<top>181</top>
							<left>13</left>
							<width>344</width>
							<height>30</height>
							<align>center</align>
							<aligny>center</aligny>
							<scroll>true</scroll>
							<font>font10</font>
							<label>$INFO[ListItem.Label]</label>
							<visible>!StringCompare(ListItem.Label,..)</visible>
						</control>
					</control>
					<control type="image">
						<top>22</top>
						<left>20</left>
						<height>186</height>
						<width>330</width>
						<aspectratio align="center" aligny="center">keep</aspectratio>
						<texture>$VAR[ClearLogoViewVar]</texture>
					</control>
				</focusedlayout>
			</control>
		</control>
	</include>
	<include name="View_Clear_Top">
		<control type="image">
			<left>-500</left>
			<right>-500</right>
			<height>200</height>
			<top>510</top>
			<texture colordiffuse="E6FFFFFF">dialogs/dialog-bg-nobo.png</texture>
		</control>
		<control type="image">
			<left>766</left>
			<width>390</width>
			<height>240</height>
			<top>490</top>
			<texture colordiffuse="$VAR[MainColorVar]">colors/grey.png</texture>
			<bordersize>20</bordersize>
			<include>Animation_FocusTextureFade</include>
		</control>
		<control type="group">
			<include>OpenClose_Right</include>
			<top>20</top>
			<height>430</height>
			<visible>!StringCompare(ListItem.Label,..)</visible>
			<control type="image">
				<top>-20</top>
				<centerleft>50%</centerleft>
				<width>1700</width>
				<height>470</height>
				<texture border="22">dialogs/dialog-bg.png</texture>
			</control>
			<control type="group">
				<top>0</top>
				<left>108</left>
				<include name="InfoWallMovieLayout">
					<param name="border" value="false" />
					<param name="poster">$VAR[PosterVar]</param>
					<param name="width" value="308" />
					<param name="height" value="448" />
				</include>
			</control>
			<control type="image">
				<top>10</top>
				<left>1049</left>
				<height>410</height>
				<width>730</width>
				<fadetime>200</fadetime>
				<aspectratio>scale</aspectratio>
				<fadetime>300</fadetime>
				<texture background="true" fallback="colors/black.png">$VAR[ListInfoBoxImageVar]</texture>
			</control>
			<control type="label">
				<top>10</top>
				<left>429</left>
				<right>10</right>
				<width>580</width>
				<height>365</height>
				<font>font13_title</font>
				<label>$INFO[ListItem.Label]</label>
				<visible>ListItem.IsCollection</visible>
			</control>
			<control type="textbox">
				<top>10</top>
				<left>429</left>
				<right>10</right>
				<width>580</width>
				<height>338</height>
				<font>font12</font>
				<label>$INFO[ListItem.Tagline,[I],[/I][CR][CR]]$INFO[ListItem.Plot,[COLOR white],[/COLOR]]</label>
				<textcolor>$VAR[MainColorVar]</textcolor>
				<autoscroll delay="10000" time="3000" repeat="10000">Skin.HasSetting(autoscroll)</autoscroll>
				<visible>!ListItem.IsCollection + StringCompare(ListItem.DBType,tvshow)</visible>
			</control>
			<control type="textbox">
				<top>10</top>
				<left>429</left>
				<right>10</right>
				<width>580</width>
				<height>365</height>
				<font>font12</font>
				<label>$INFO[ListItem.Tagline,[I],[/I][CR][CR]]$INFO[ListItem.Plot,[COLOR white],[/COLOR]]</label>
				<textcolor>$VAR[MainColorVar]</textcolor>
				<autoscroll delay="10000" time="3000" repeat="10000">Skin.HasSetting(autoscroll)</autoscroll>
				<visible>!ListItem.IsCollection + !StringCompare(ListItem.DBType,tvshow)</visible>
			</control>
			<control type="textbox">
				<top>10</top>
				<left>429</left>
				<right>10</right>
				<width>580</width>
				<height>365</height>
				<align>center</align>
				<font>font24_title</font>
				<label>$LOCALIZE[19055]</label>
				<visible>IsEmpty(Listitem.Plot) + IsEmpty(Listitem.Tagline) + !ListItem.IsCollection + !StringCompare(ListItem.Label,..)</visible>
			</control>
			<control type="group">
				<top>60</top>
				<left>429</left>
				<visible>ListItem.IsCollection</visible>
				<include name="InfoList">
					<param name="height" value="305" />
					<param name="width" value="580" />
					<param name="item_width" value="580" />
					<param name="sortby" value="year" />
					<param name="sortorder" value="descending" />
					<param name="font" value="font12" />
					<param name="list_id" value="5600" />
				</include>
			</control>
			<control type="label">
				<bottom>40</bottom>
				<left>429</left>
				<right>10</right>
				<width>535</width>
				<height>30</height>
				<scroll>true</scroll>
				<font>font12</font>
				<label>$LOCALIZE[126]: [COLOR white]$INFO[ListItem.Status][/COLOR]</label>
				<textcolor>$VAR[MainColorVar]</textcolor>
				<visible>!IsEmpty(ListItem.Status)</visible>
			</control>
			<control type="label">
				<bottom>40</bottom>
				<left>429</left>
				<right>10</right>
				<width>535</width>
				<height>30</height>
				<scroll>true</scroll>
				<font>font12</font>
				<label>$LOCALIZE[126]: [COLOR white]$INFO[Window(Home).Property(NextAired.Status)][/COLOR]</label>
				<textcolor>$VAR[MainColorVar]</textcolor>
				<visible>IsEmpty(ListItem.Status) + !IsEmpty(Window(Home).Property(NextAired.Status))</visible>
			</control>
			<control type="label">
				<bottom>10</bottom>
				<left>429</left>
				<right>10</right>
				<width>535</width>
				<height>30</height>
				<scroll>true</scroll>
				<font>font12</font>
				<textcolor>$VAR[MainColorVar]</textcolor>
				<label>$INFO[ListItem.Genre]</label>
			</control>
		</control>
	</include>
</includes>