<?xml version="1.0" encoding="UTF-8"?>
<window type="dialog" id="1110">
	<defaultcontrol always="true">9500</defaultcontrol>
	<include>Animation_DialogPopupOpenClose</include>
	<!-- <controls> -->
		<!-- <control type="group">
			<centerleft>50%</centerleft>
			<width>600</width>
			<centertop>60%</centertop>
			<height>700</height>
			<include content="DialogBackgroundCommons">
				<param name="width" value="600" />
				<param name="height" value="80" />
				<param name="header_label" value="$LOCALIZE[137]" />
				<param name="header_id" value="" />
			</include>
			<control type="panel" id="9000">
				<include>ButtonMenuList</include>
				<content>
					<item>
						<label>$LOCALIZE[31113]</label>
						<onclick>Dialog.Close(all)</onclick>
						<onclick condition="System.hasAddon(script.globalsearch)">RunScript(script.globalsearch)</onclick>
						<onclick condition="!System.hasAddon(script.globalsearch)">InstallAddon(script.globalsearch)</onclick>
					</item>
					<item>
						<label>$LOCALIZE[31145]</label>
						<onclick>Dialog.Close(all)</onclick>
						<onclick>ActivateWindow(addonbrowser,addons://search/,return)</onclick>
					</item>
					<item>
						<label>$LOCALIZE[31114]</label>
						<onclick>Dialog.Close(all)</onclick>
						<onclick condition="System.hasAddon(plugin.video.youtube)">ActivateWindow(videos,plugin://plugin.video.youtube/kodion/search/input/,return)</onclick>
						<onclick condition="!System.hasAddon(plugin.video.youtube)">InstallAddon(plugin.video.youtube)</onclick>
					</item>
					<item>
						<label>$LOCALIZE[31115]</label>
						<onclick>Dialog.Close(all)</onclick>
						<onclick condition="System.hasAddon(script.extendedinfo)">RunScript(script.extendedinfo,info=moviedbbrowser,search=True)</onclick>
						<onclick condition="!System.hasAddon(script.extendedinfo)">InstallAddon(script.extendedinfo)</onclick>
					</item>
				</content>
			</control>
		</control> -->
			<control type="group">
				<include>MediaMenuCommon_v2</include>
				<control type="grouplist" id="9500">
					<orientation>horizontal</orientation>
					<itemgap>0</itemgap>
					<left>95</left>
					<width>480</width>
					<height>110</height>
					<top>100</top>
					<onup>SetFocus(9000)</onup>
					<ondown>SetFocus(9000)</ondown>
					<onright>2000</onright>
					<align>justify</align>
					<include content="IconButton">
						<param name="control_id" value="9601" />
						<param name="onclick" value="ActivateWindow(shutdownmenu)" />
						<param name="icon" value="icons/power.png" />
						<param name="label" value="$LOCALIZE[33060]" />
					</include>
					<include content="IconButton">
						<param name="control_id" value="9602" />
						<param name="onclick" value="ActivateWindow(settings)" />
						<param name="icon" value="icons/settings.png" />
						<param name="label" value="$LOCALIZE[21417]" />
					</include>
					<include content="IconButton">
						<param name="control_id" value="9603" />
						<param name="onclick" value="ActivateWindow(1107)" />
						<param name="icon" value="icons/search.png" />
						<param name="label" value="$LOCALIZE[137]" />
					</include>
					<include content="IconButton">
						<param name="control_id" value="9604" />
						<param name="onclick" value="Fullscreen" />
						<param name="icon" value="icons/now-playing/fullscreen.png" />
						<param name="label" value="$LOCALIZE[31000]" />
						<param name="visible" value="Player.HasMedia" />
					</include>
				</control>
				<control type="group">
					<top>60</top>
					<left>66</left>
					<control type="image">
						<aspectratio>keep</aspectratio>
						<width>60</width>
						<height>60</height>
						<texture colordiffuse="button_focus">icons/logo.png</texture>
					</control>
					<control type="image">
						<left>164</left>
						<top>14</top>
						<aspectratio>keep</aspectratio>
						<width>192</width>
						<height>36</height>
						<texture>icons/logo-text.png</texture>
					</control>
				</control>
			</control>
	<!-- </controls> -->
</window>
