<?xml version="1.0" encoding="utf-8"?>
<window type="dialog" id="1120">
	<defaultcontrol always="true">11000</defaultcontrol>
	<include>Animation_DialogPopupOpenClose</include>
	<controls>
		<control type="group">
			<centerleft>50%</centerleft>
			<height>640</height>
			<centertop>50%</centertop>
			<width>1000</width>
			<include content="DialogBackgroundCommons">
				<param name="width" value="1000" />
				<param name="height" value="640" />
				<param name="header_label" value="$LOCALIZE[31210]" />
				<param name="header_id" value="1" />
			</include>
			<control type="group" id="11000">
				<left>0</left>
				<top>80</top>
				<control type="grouplist" id="11100">
					<width>1000</width>
					<height>560</height>
					<itemgap>0</itemgap>
					<onup>11100</onup>
					<ondown>11100</ondown>
					<orientation>vertical</orientation>
					<control type="button" id="11101">
						<label>$LOCALIZE[31211] 1</label>
						<label2>$VAR[HomeMenuSlot1Var]</label2>
						<include>DefaultSettingButton</include>
						<onclick condition="String.IsEqual(Skin.String(homemenu_slot1),0)">Skin.SetString(homemenu_slot1,1)</onclick>
						<onclick condition="String.IsEqual(Skin.String(homemenu_slot1),1)">Skin.SetString(homemenu_slot1,2)</onclick>
						<onclick condition="String.IsEqual(Skin.String(homemenu_slot1),2)">Skin.SetString(homemenu_slot1,3)</onclick>
						<onclick condition="String.IsEqual(Skin.String(homemenu_slot1),3)">Skin.SetString(homemenu_slot1,4)</onclick>
						<onclick condition="String.IsEqual(Skin.String(homemenu_slot1),4)">Skin.SetString(homemenu_slot1,5)</onclick>
						<onclick condition="String.IsEqual(Skin.String(homemenu_slot1),5)">Skin.SetString(homemenu_slot1,6)</onclick>
						<onclick condition="String.IsEqual(Skin.String(homemenu_slot1),6)">Skin.SetString(homemenu_slot1,7)</onclick>
						<onclick condition="String.IsEqual(Skin.String(homemenu_slot1),7)">Skin.SetString(homemenu_slot1,8)</onclick>
						<onclick condition="String.IsEqual(Skin.String(homemenu_slot1),8)">Skin.SetString(homemenu_slot1,9)</onclick>
						<onclick condition="String.IsEqual(Skin.String(homemenu_slot1),9)">Skin.SetString(homemenu_slot1,10)</onclick>
						<onclick condition="String.IsEqual(Skin.String(homemenu_slot1),10)">Skin.SetString(homemenu_slot1,11)</onclick>
						<onclick condition="String.IsEqual(Skin.String(homemenu_slot1),11)">Skin.SetString(homemenu_slot1,0)</onclick>
					</control>
					<control type="button" id="11102">
						<label>$LOCALIZE[31211] 2</label>
						<label2>$VAR[HomeMenuSlot2Var]</label2>
						<include>DefaultSettingButton</include>
						<onclick condition="String.IsEqual(Skin.String(homemenu_slot2),0)">Skin.SetString(homemenu_slot2,1)</onclick>
						<onclick condition="String.IsEqual(Skin.String(homemenu_slot2),1)">Skin.SetString(homemenu_slot2,2)</onclick>
						<onclick condition="String.IsEqual(Skin.String(homemenu_slot2),2)">Skin.SetString(homemenu_slot2,3)</onclick>
						<onclick condition="String.IsEqual(Skin.String(homemenu_slot2),3)">Skin.SetString(homemenu_slot2,4)</onclick>
						<onclick condition="String.IsEqual(Skin.String(homemenu_slot2),4)">Skin.SetString(homemenu_slot2,5)</onclick>
						<onclick condition="String.IsEqual(Skin.String(homemenu_slot2),5)">Skin.SetString(homemenu_slot2,6)</onclick>
						<onclick condition="String.IsEqual(Skin.String(homemenu_slot2),6)">Skin.SetString(homemenu_slot2,7)</onclick>
						<onclick condition="String.IsEqual(Skin.String(homemenu_slot2),7)">Skin.SetString(homemenu_slot2,8)</onclick>
						<onclick condition="String.IsEqual(Skin.String(homemenu_slot2),8)">Skin.SetString(homemenu_slot2,9)</onclick>
						<onclick condition="String.IsEqual(Skin.String(homemenu_slot2),9)">Skin.SetString(homemenu_slot2,10)</onclick>
						<onclick condition="String.IsEqual(Skin.String(homemenu_slot2),10)">Skin.SetString(homemenu_slot2,11)</onclick>
						<onclick condition="String.IsEqual(Skin.String(homemenu_slot2),11)">Skin.SetString(homemenu_slot2,0)</onclick>
					</control>
					<control type="button" id="11103">
						<label>$LOCALIZE[31211] 3</label>
						<label2>$VAR[HomeMenuSlot3Var]</label2>
						<include>DefaultSettingButton</include>
						<onclick condition="String.IsEqual(Skin.String(homemenu_slot3),0)">Skin.SetString(homemenu_slot3,1)</onclick>
						<onclick condition="String.IsEqual(Skin.String(homemenu_slot3),1)">Skin.SetString(homemenu_slot3,2)</onclick>
						<onclick condition="String.IsEqual(Skin.String(homemenu_slot3),2)">Skin.SetString(homemenu_slot3,3)</onclick>
						<onclick condition="String.IsEqual(Skin.String(homemenu_slot3),3)">Skin.SetString(homemenu_slot3,4)</onclick>
						<onclick condition="String.IsEqual(Skin.String(homemenu_slot3),4)">Skin.SetString(homemenu_slot3,5)</onclick>
						<onclick condition="String.IsEqual(Skin.String(homemenu_slot3),5)">Skin.SetString(homemenu_slot3,6)</onclick>
						<onclick condition="String.IsEqual(Skin.String(homemenu_slot3),6)">Skin.SetString(homemenu_slot3,7)</onclick>
						<onclick condition="String.IsEqual(Skin.String(homemenu_slot3),7)">Skin.SetString(homemenu_slot3,8)</onclick>
						<onclick condition="String.IsEqual(Skin.String(homemenu_slot3),8)">Skin.SetString(homemenu_slot3,9)</onclick>
						<onclick condition="String.IsEqual(Skin.String(homemenu_slot3),9)">Skin.SetString(homemenu_slot3,10)</onclick>
						<onclick condition="String.IsEqual(Skin.String(homemenu_slot3),10)">Skin.SetString(homemenu_slot3,11)</onclick>
						<onclick condition="String.IsEqual(Skin.String(homemenu_slot3),11)">Skin.SetString(homemenu_slot3,0)</onclick>
					</control>
					<control type="button" id="11104">
						<label>$LOCALIZE[31211] 4</label>
						<label2>$VAR[HomeMenuSlot4Var]</label2>
						<include>DefaultSettingButton</include>
						<onclick condition="String.IsEqual(Skin.String(homemenu_slot4),0)">Skin.SetString(homemenu_slot4,1)</onclick>
						<onclick condition="String.IsEqual(Skin.String(homemenu_slot4),1)">Skin.SetString(homemenu_slot4,2)</onclick>
						<onclick condition="String.IsEqual(Skin.String(homemenu_slot4),2)">Skin.SetString(homemenu_slot4,3)</onclick>
						<onclick condition="String.IsEqual(Skin.String(homemenu_slot4),3)">Skin.SetString(homemenu_slot4,4)</onclick>
						<onclick condition="String.IsEqual(Skin.String(homemenu_slot4),4)">Skin.SetString(homemenu_slot4,5)</onclick>
						<onclick condition="String.IsEqual(Skin.String(homemenu_slot4),5)">Skin.SetString(homemenu_slot4,6)</onclick>
						<onclick condition="String.IsEqual(Skin.String(homemenu_slot4),6)">Skin.SetString(homemenu_slot4,7)</onclick>
						<onclick condition="String.IsEqual(Skin.String(homemenu_slot4),7)">Skin.SetString(homemenu_slot4,8)</onclick>
						<onclick condition="String.IsEqual(Skin.String(homemenu_slot4),8)">Skin.SetString(homemenu_slot4,9)</onclick>
						<onclick condition="String.IsEqual(Skin.String(homemenu_slot4),9)">Skin.SetString(homemenu_slot4,10)</onclick>
						<onclick condition="String.IsEqual(Skin.String(homemenu_slot4),10)">Skin.SetString(homemenu_slot4,11)</onclick>
						<onclick condition="String.IsEqual(Skin.String(homemenu_slot4),11)">Skin.SetString(homemenu_slot4,0)</onclick>
					</control>
					<control type="button" id="11105">
						<label>$LOCALIZE[31211] 5</label>
						<label2>$VAR[HomeMenuSlot5Var]</label2>
						<include>DefaultSettingButton</include>
						<onclick condition="String.IsEqual(Skin.String(homemenu_slot5),0)">Skin.SetString(homemenu_slot5,1)</onclick>
						<onclick condition="String.IsEqual(Skin.String(homemenu_slot5),1)">Skin.SetString(homemenu_slot5,2)</onclick>
						<onclick condition="String.IsEqual(Skin.String(homemenu_slot5),2)">Skin.SetString(homemenu_slot5,3)</onclick>
						<onclick condition="String.IsEqual(Skin.String(homemenu_slot5),3)">Skin.SetString(homemenu_slot5,4)</onclick>
						<onclick condition="String.IsEqual(Skin.String(homemenu_slot5),4)">Skin.SetString(homemenu_slot5,5)</onclick>
						<onclick condition="String.IsEqual(Skin.String(homemenu_slot5),5)">Skin.SetString(homemenu_slot5,6)</onclick>
						<onclick condition="String.IsEqual(Skin.String(homemenu_slot5),6)">Skin.SetString(homemenu_slot5,7)</onclick>
						<onclick condition="String.IsEqual(Skin.String(homemenu_slot5),7)">Skin.SetString(homemenu_slot5,8)</onclick>
						<onclick condition="String.IsEqual(Skin.String(homemenu_slot5),8)">Skin.SetString(homemenu_slot5,9)</onclick>
						<onclick condition="String.IsEqual(Skin.String(homemenu_slot5),9)">Skin.SetString(homemenu_slot5,10)</onclick>
						<onclick condition="String.IsEqual(Skin.String(homemenu_slot5),10)">Skin.SetString(homemenu_slot5,11)</onclick>
						<onclick condition="String.IsEqual(Skin.String(homemenu_slot5),11)">Skin.SetString(homemenu_slot5,0)</onclick>
					</control>
					<control type="button" id="11106">
						<label>$LOCALIZE[31211] 6</label>
						<label2>$VAR[HomeMenuSlot6Var]</label2>
						<include>DefaultSettingButton</include>
						<onclick condition="String.IsEqual(Skin.String(homemenu_slot6),0)">Skin.SetString(homemenu_slot6,1)</onclick>
						<onclick condition="String.IsEqual(Skin.String(homemenu_slot6),1)">Skin.SetString(homemenu_slot6,2)</onclick>
						<onclick condition="String.IsEqual(Skin.String(homemenu_slot6),2)">Skin.SetString(homemenu_slot6,3)</onclick>
						<onclick condition="String.IsEqual(Skin.String(homemenu_slot6),3)">Skin.SetString(homemenu_slot6,4)</onclick>
						<onclick condition="String.IsEqual(Skin.String(homemenu_slot6),4)">Skin.SetString(homemenu_slot6,5)</onclick>
						<onclick condition="String.IsEqual(Skin.String(homemenu_slot6),5)">Skin.SetString(homemenu_slot6,6)</onclick>
						<onclick condition="String.IsEqual(Skin.String(homemenu_slot6),6)">Skin.SetString(homemenu_slot6,7)</onclick>
						<onclick condition="String.IsEqual(Skin.String(homemenu_slot6),7)">Skin.SetString(homemenu_slot6,8)</onclick>
						<onclick condition="String.IsEqual(Skin.String(homemenu_slot6),8)">Skin.SetString(homemenu_slot6,9)</onclick>
						<onclick condition="String.IsEqual(Skin.String(homemenu_slot6),9)">Skin.SetString(homemenu_slot6,10)</onclick>
						<onclick condition="String.IsEqual(Skin.String(homemenu_slot6),10)">Skin.SetString(homemenu_slot6,11)</onclick>
						<onclick condition="String.IsEqual(Skin.String(homemenu_slot6),11)">Skin.SetString(homemenu_slot6,0)</onclick>
					</control>
					<control type="button" id="11107">
						<label>$LOCALIZE[31211] 7</label>
						<label2>$VAR[HomeMenuSlot7Var]</label2>
						<include>DefaultSettingButton</include>
						<onclick condition="String.IsEqual(Skin.String(homemenu_slot7),0)">Skin.SetString(homemenu_slot7,1)</onclick>
						<onclick condition="String.IsEqual(Skin.String(homemenu_slot7),1)">Skin.SetString(homemenu_slot7,2)</onclick>
						<onclick condition="String.IsEqual(Skin.String(homemenu_slot7),2)">Skin.SetString(homemenu_slot7,3)</onclick>
						<onclick condition="String.IsEqual(Skin.String(homemenu_slot7),3)">Skin.SetString(homemenu_slot7,4)</onclick>
						<onclick condition="String.IsEqual(Skin.String(homemenu_slot7),4)">Skin.SetString(homemenu_slot7,5)</onclick>
						<onclick condition="String.IsEqual(Skin.String(homemenu_slot7),5)">Skin.SetString(homemenu_slot7,6)</onclick>
						<onclick condition="String.IsEqual(Skin.String(homemenu_slot7),6)">Skin.SetString(homemenu_slot7,7)</onclick>
						<onclick condition="String.IsEqual(Skin.String(homemenu_slot7),7)">Skin.SetString(homemenu_slot7,8)</onclick>
						<onclick condition="String.IsEqual(Skin.String(homemenu_slot7),8)">Skin.SetString(homemenu_slot7,9)</onclick>
						<onclick condition="String.IsEqual(Skin.String(homemenu_slot7),9)">Skin.SetString(homemenu_slot7,10)</onclick>
						<onclick condition="String.IsEqual(Skin.String(homemenu_slot7),10)">Skin.SetString(homemenu_slot7,11)</onclick>
						<onclick condition="String.IsEqual(Skin.String(homemenu_slot7),11)">Skin.SetString(homemenu_slot7,0)</onclick>
					</control>
					<control type="button" id="11108">
						<label>$LOCALIZE[31211] 8</label>
						<label2>$VAR[HomeMenuSlot8Var]</label2>
						<include>DefaultSettingButton</include>
						<onclick condition="String.IsEqual(Skin.String(homemenu_slot8),0)">Skin.SetString(homemenu_slot8,1)</onclick>
						<onclick condition="String.IsEqual(Skin.String(homemenu_slot8),1)">Skin.SetString(homemenu_slot8,2)</onclick>
						<onclick condition="String.IsEqual(Skin.String(homemenu_slot8),2)">Skin.SetString(homemenu_slot8,3)</onclick>
						<onclick condition="String.IsEqual(Skin.String(homemenu_slot8),3)">Skin.SetString(homemenu_slot8,4)</onclick>
						<onclick condition="String.IsEqual(Skin.String(homemenu_slot8),4)">Skin.SetString(homemenu_slot8,5)</onclick>
						<onclick condition="String.IsEqual(Skin.String(homemenu_slot8),5)">Skin.SetString(homemenu_slot8,6)</onclick>
						<onclick condition="String.IsEqual(Skin.String(homemenu_slot8),6)">Skin.SetString(homemenu_slot8,7)</onclick>
						<onclick condition="String.IsEqual(Skin.String(homemenu_slot8),7)">Skin.SetString(homemenu_slot8,8)</onclick>
						<onclick condition="String.IsEqual(Skin.String(homemenu_slot8),8)">Skin.SetString(homemenu_slot8,9)</onclick>
						<onclick condition="String.IsEqual(Skin.String(homemenu_slot8),9)">Skin.SetString(homemenu_slot8,10)</onclick>
						<onclick condition="String.IsEqual(Skin.String(homemenu_slot8),10)">Skin.SetString(homemenu_slot8,11)</onclick>
						<onclick condition="String.IsEqual(Skin.String(homemenu_slot8),11)">Skin.SetString(homemenu_slot8,0)</onclick>
					</control>
					<control type="button" id="11109">
						<label>$LOCALIZE[31211] 9</label>
						<label2>$VAR[HomeMenuSlot9Var]</label2>
						<include>DefaultSettingButton</include>
						<onclick condition="String.IsEqual(Skin.String(homemenu_slot9),0)">Skin.SetString(homemenu_slot9,1)</onclick>
						<onclick condition="String.IsEqual(Skin.String(homemenu_slot9),1)">Skin.SetString(homemenu_slot9,2)</onclick>
						<onclick condition="String.IsEqual(Skin.String(homemenu_slot9),2)">Skin.SetString(homemenu_slot9,3)</onclick>
						<onclick condition="String.IsEqual(Skin.String(homemenu_slot9),3)">Skin.SetString(homemenu_slot9,4)</onclick>
						<onclick condition="String.IsEqual(Skin.String(homemenu_slot9),4)">Skin.SetString(homemenu_slot9,5)</onclick>
						<onclick condition="String.IsEqual(Skin.String(homemenu_slot9),5)">Skin.SetString(homemenu_slot9,6)</onclick>
						<onclick condition="String.IsEqual(Skin.String(homemenu_slot9),6)">Skin.SetString(homemenu_slot9,7)</onclick>
						<onclick condition="String.IsEqual(Skin.String(homemenu_slot9),7)">Skin.SetString(homemenu_slot9,8)</onclick>
						<onclick condition="String.IsEqual(Skin.String(homemenu_slot9),8)">Skin.SetString(homemenu_slot9,9)</onclick>
						<onclick condition="String.IsEqual(Skin.String(homemenu_slot9),9)">Skin.SetString(homemenu_slot9,10)</onclick>
						<onclick condition="String.IsEqual(Skin.String(homemenu_slot9),10)">Skin.SetString(homemenu_slot9,11)</onclick>
						<onclick condition="String.IsEqual(Skin.String(homemenu_slot9),11)">Skin.SetString(homemenu_slot9,0)</onclick>
					</control>
					<control type="button" id="11110">
						<label>$LOCALIZE[31211] 10</label>
						<label2>$VAR[HomeMenuSlot10Var]</label2>
						<include>DefaultSettingButton</include>
						<onclick condition="String.IsEqual(Skin.String(homemenu_slot10),0)">Skin.SetString(homemenu_slot10,1)</onclick>
						<onclick condition="String.IsEqual(Skin.String(homemenu_slot10),1)">Skin.SetString(homemenu_slot10,2)</onclick>
						<onclick condition="String.IsEqual(Skin.String(homemenu_slot10),2)">Skin.SetString(homemenu_slot10,3)</onclick>
						<onclick condition="String.IsEqual(Skin.String(homemenu_slot10),3)">Skin.SetString(homemenu_slot10,4)</onclick>
						<onclick condition="String.IsEqual(Skin.String(homemenu_slot10),4)">Skin.SetString(homemenu_slot10,5)</onclick>
						<onclick condition="String.IsEqual(Skin.String(homemenu_slot10),5)">Skin.SetString(homemenu_slot10,6)</onclick>
						<onclick condition="String.IsEqual(Skin.String(homemenu_slot10),6)">Skin.SetString(homemenu_slot10,7)</onclick>
						<onclick condition="String.IsEqual(Skin.String(homemenu_slot10),7)">Skin.SetString(homemenu_slot10,8)</onclick>
						<onclick condition="String.IsEqual(Skin.String(homemenu_slot10),8)">Skin.SetString(homemenu_slot10,9)</onclick>
						<onclick condition="String.IsEqual(Skin.String(homemenu_slot10),9)">Skin.SetString(homemenu_slot10,10)</onclick>
						<onclick condition="String.IsEqual(Skin.String(homemenu_slot10),10)">Skin.SetString(homemenu_slot10,11)</onclick>
						<onclick condition="String.IsEqual(Skin.String(homemenu_slot10),11)">Skin.SetString(homemenu_slot10,0)</onclick>
					</control>
					<control type="button" id="11111">
						<label>$LOCALIZE[31211] 11</label>
						<label2>$VAR[HomeMenuSlot11Var]</label2>
						<include>DefaultSettingButton</include>
						<onclick condition="String.IsEqual(Skin.String(homemenu_slot11),0)">Skin.SetString(homemenu_slot11,1)</onclick>
						<onclick condition="String.IsEqual(Skin.String(homemenu_slot11),1)">Skin.SetString(homemenu_slot11,2)</onclick>
						<onclick condition="String.IsEqual(Skin.String(homemenu_slot11),2)">Skin.SetString(homemenu_slot11,3)</onclick>
						<onclick condition="String.IsEqual(Skin.String(homemenu_slot11),3)">Skin.SetString(homemenu_slot11,4)</onclick>
						<onclick condition="String.IsEqual(Skin.String(homemenu_slot11),4)">Skin.SetString(homemenu_slot11,5)</onclick>
						<onclick condition="String.IsEqual(Skin.String(homemenu_slot11),5)">Skin.SetString(homemenu_slot11,6)</onclick>
						<onclick condition="String.IsEqual(Skin.String(homemenu_slot11),6)">Skin.SetString(homemenu_slot11,7)</onclick>
						<onclick condition="String.IsEqual(Skin.String(homemenu_slot11),7)">Skin.SetString(homemenu_slot11,8)</onclick>
						<onclick condition="String.IsEqual(Skin.String(homemenu_slot11),8)">Skin.SetString(homemenu_slot11,9)</onclick>
						<onclick condition="String.IsEqual(Skin.String(homemenu_slot11),9)">Skin.SetString(homemenu_slot11,10)</onclick>
						<onclick condition="String.IsEqual(Skin.String(homemenu_slot11),10)">Skin.SetString(homemenu_slot11,11)</onclick>
						<onclick condition="String.IsEqual(Skin.String(homemenu_slot11),11)">Skin.SetString(homemenu_slot11,0)</onclick>
					</control>
				</control>
			</control>
		</control>
	</controls>
</window>
