<?xml version="1.0" encoding="UTF-8"?>
<addon id="skin.estuaryv2.modv3" version="0.0.1" name="Estuary v2 shortcuts" provider-name="phil65, Ichabod Fletchman, YLLOW_DRAGON, safonov_ivan">
	<requires>
		<import addon="xbmc.gui" version="5.14.0"/>
		<import addon="resource.images.skinicons.estuary" version="1.0.0"/>
		<import addon="script.skinshortcuts" version="1.0.17"/>
	</requires>
	<extension point="xbmc.gui.skin" debugging="false">
		<res width="1920" height="1440" aspect="4:3" default="false" folder="xml" />
		<res width="1920" height="1280" aspect="3:2" default="false" folder="xml" />
		<res width="1920" height="1200" aspect="16:10" default="false" folder="xml" />
		<res width="2040" height="1080" aspect="17:9" default="false" folder="xml" />
		<res width="1920" height="1080" aspect="16:9" default="true" folder="xml" />
		<res width="2560" height="1080" aspect="21:9" default="false" folder="xml" />
		<res width="2338" height="1080" aspect="19.5:9" default="false" folder="xml" />
		<res width="2160" height="1080" aspect="18:9" default="false" folder="xml" />
	</extension>
	<extension point="xbmc.addon.metadata">
		<summary lang="en_GB">Estuary v2 shortcuts skin by phil65, Piers, YLLOW_DRAGON, safonov_ivan.</summary>
		<summary lang="ru_RU">Обложка Estuary v2 shortcuts. Авторы: phil65, Piers, YLLOW_DRAGON, safonov_ivan.</summary>
		<description lang="en_GB">Estuary v2 shortcuts - is the modernized skin for Kodi.</description>
		<description lang="ru_RU">Estuary v2 shortcuts - это модернизированная обложка KODI.</description>
		<disclaimer lang="en_GB">Estuary v2 shortcuts - is the modernized skin for Kodi.</disclaimer>
		<disclaimer lang="ru_RU">Estuary v2 shortcuts - это модернизированная обложка KODI.</disclaimer>
		<platform>all</platform>
		<license>CC BY-SA 4.0, GNU GENERAL PUBLIC LICENSE Version 2.0</license>
		<forum>----</forum>
		<source>-----</source>
		<assets>
			<icon>resources/icon.png</icon>
			<fanart>resources/fanart.jpg</fanart>
			<screenshot>resources/screenshot-01.jpg</screenshot>
			<screenshot>resources/screenshot-02.jpg</screenshot>
			<screenshot>resources/screenshot-03.jpg</screenshot>
			<screenshot>resources/screenshot-04.jpg</screenshot>
			<screenshot>resources/screenshot-05.jpg</screenshot>
			<screenshot>resources/screenshot-06.jpg</screenshot>
			<screenshot>resources/screenshot-07.jpg</screenshot>
			<screenshot>resources/screenshot-08.jpg</screenshot>
		</assets>
	</extension>
</addon>
