﻿<?xml version="1.0" encoding="utf-8"?>
<includes>
    <include name="HomeSystemButtonsTop">
        <!-- Системные кнопки -->
        <control type="grouplist" id="700">
			<orientation>horizontal</orientation>
			<itemgap>0</itemgap>
			<left>35</left>
			<width>110</width>
			<height>110</height>
			<top>10</top>
			<!-- <onleft>SetFocus(9500)</onleft> -->
			<onleft>ActivateWindow(1110)</onleft>
			<onup>SetFocus(711)</onup>
			<onup>PageDown</onup>
			<onup>PageDown</onup>
			<ondown>SetFocus(9000)</ondown>
			<ondown>PageUp</ondown>
			<ondown>PageUp</ondown>
			<onright>2000</onright>
			<align>justify</align>
			<!--Кнопка настроек-->
			<include content="IconButton_v4">
				<param name="control_id" value="701" />
				<param name="onclick" value="ActivateWindow(settings)" />
				<param name="icon" value="icons/logo.png" />
				<param name="label" value="$LOCALIZE[21417]" />
				<!-- <param name="visible" value="!Player.HasMedia + !Control.HasFocus(9500) + !ControlGroup(9600).HasFocus" /> -->
				<param name="visible" value="!Player.HasMedia" />
			</include>
			<!--Кнопка на весь экран-->
			<include content="IconButton_v4">
				<param name="control_id" value="703" />
				<param name="onclick" value="Fullscreen" />
				<param name="icon" value="icons/now-playing/fullscreen.png" />
				<param name="label" value="$LOCALIZE[31000]" />
				<param name="visible" value="Player.HasMedia" />
			</include>
		</control>
	</include>
    <include name="HomeSystemButtonsBottom">
	<control type="grouplist" id="710">
		<itemgap>15</itemgap>
		<left>-8</left>
		<width>110</width>
		<height>300</height>
		<bottom>0</bottom>
		<onup>SetFocus(9000)</onup>
		<onup>PageDown</onup>
		<onup>PageDown</onup>
		<ondown>SetFocus(700)</ondown>
		<ondown>PageUp</ondown>
		<ondown>PageUp</ondown>
		<onright>2000</onright>
		<align>justify</align>
		<!--Кнопка проводник-->
		<include content="IconButton_v3">
			<param name="control_id" value="713" />
			<param name="onclick" value="ActivateWindow(filemanager)" />
			<param name="icon" value="icons/filemanager.png" />
		</include>
		<!--Кнопка избранного-->
		<include content="IconButton_v3">
			<param name="control_id" value="712" />
			<param name="onclick" value="ActivateWindow(favourites)" />
			<param name="icon" value="icons/favourites.png" />
		</include>			
		<!--Кнопка выключения-->
		<include content="IconButton_v3">
			<param name="control_id" value="711" />
			<param name="onclick" value="ActivateWindow(shutdownmenu)" />
			<param name="icon" value="icons/power.png" />
		</include>								
		</control>
	</include>
	<include name="HomeMenuItem">
		<param name="menuitem_number" />
		<definition>
			<item>
				<label>$LOCALIZE[342]</label>
				<onclick condition="Library.HasContent(movies)">ActivateWindow(Videos,videodb://movies/titles/,return)</onclick>
				<onclick condition="!Library.HasContent(movies)">ActivateWindow(Videos,sources://video/,return)</onclick>
				<property name="menu_id">$NUMBER[5000]</property>
				<thumb>icons/sidemenu/movies.png</thumb>
				<property name="id">movies</property>
				<visible>String.IsEqual($PARAM[menuitem_number],1)</visible>
			</item>
			<item>
				<label>$LOCALIZE[20343]</label>
				<onclick condition="Library.HasContent(tvshows)">ActivateWindow(Videos,videodb://tvshows/titles/,return)</onclick>
				<onclick condition="!Library.HasContent(tvshows)">ActivateWindow(Videos,sources://video/,return)</onclick>
				<property name="menu_id">$NUMBER[6000]</property>
				<thumb>icons/sidemenu/tv.png</thumb>
				<property name="id">tvshows</property>
				<visible>String.IsEqual($PARAM[menuitem_number],2)</visible>
			</item>
			<item>
				<label>$LOCALIZE[2]</label>
				<onclick>ActivateWindow(Music,root,return)</onclick>
				<property name="menu_id">$NUMBER[7000]</property>
				<thumb>icons/sidemenu/music.png</thumb>
				<property name="id">music</property>
				<visible>String.IsEqual($PARAM[menuitem_number],3)</visible>
			</item>
			<item>
				<label>$LOCALIZE[20389]</label>
				<property name="menu_id">$NUMBER[16000]</property>
				<onclick>ActivateWindow(Videos,musicvideos,return)</onclick>
				<thumb>icons/sidemenu/musicvideos.png</thumb>
				<property name="id">musicvideos</property>
				<visible>String.IsEqual($PARAM[menuitem_number],4)</visible>
			</item>
			<item>
				<label>$LOCALIZE[19020]</label>
				<property name="menu_id">$NUMBER[12000]</property>
				<onclick>ActivateWindow(TVChannels)</onclick>
				<thumb>icons/sidemenu/livetv.png</thumb>
				<property name="id">livetv</property>
				<visible>String.IsEqual($PARAM[menuitem_number],5)</visible>
			</item>
			<item>
				<label>$LOCALIZE[19021]</label>
				<property name="menu_id">$NUMBER[13000]</property>
				<onclick>ActivateWindow(RadioChannels)</onclick>
				<thumb>icons/sidemenu/radio.png</thumb>
				<property name="id">radio</property>
				<visible>String.IsEqual($PARAM[menuitem_number],6)</visible>
			</item>
			<item>
				<label>$LOCALIZE[24001]</label>
				<property name="menu_id">$NUMBER[8000]</property>
				<onclick>ActivateWindow(1100)</onclick>
				<thumb>icons/sidemenu/addons.png</thumb>
				<property name="id">addons</property>
				<visible>String.IsEqual($PARAM[menuitem_number],7)</visible>
			</item>
			<item>
				<label>$LOCALIZE[1]</label>
				<onclick>ActivateWindow(Pictures)</onclick>
				<property name="menu_id">$NUMBER[4000]</property>
				<thumb>icons/sidemenu/pictures.png</thumb>
				<property name="id">pictures</property>
				<visible>String.IsEqual($PARAM[menuitem_number],8)</visible>
			</item>
			<item>
				<label>$LOCALIZE[3]</label>
				<onclick>ActivateWindow(Videos,root)</onclick>
				<property name="menu_id">$NUMBER[11000]</property>
				<thumb>icons/sidemenu/videos.png</thumb>
				<property name="id">video</property>
				<visible>String.IsEqual($PARAM[menuitem_number],9)</visible>
			</item>
			<item>
				<label>$LOCALIZE[10134]</label>
				<onclick>ActivateWindow(favourites)</onclick>
				<property name="menu_id">$NUMBER[14000]</property>
				<thumb>icons/sidemenu/favourites.png</thumb>
				<property name="id">favorites</property>
				<visible>String.IsEqual($PARAM[menuitem_number],10)</visible>
			</item>
			<item>
				<label>$LOCALIZE[8]</label>
				<onclick condition="!String.IsEmpty(Weather.Plugin)">ActivateWindow(Weather)</onclick>
				<onclick condition="String.IsEmpty(Weather.Plugin)">ReplaceWindow(servicesettings,weather)</onclick>
				<property name="menu_id">$NUMBER[15000]</property>
				<thumb>icons/sidemenu/weather.png</thumb>
				<property name="id">weather</property>
				<visible>String.IsEqual($PARAM[menuitem_number],11)</visible>
			</item>
		</definition>
	</include>
	<include name="HomeMainMenuItem">
		<control type="fixedlist" id="9000">
			<left>0</left>
			<top>110</top>
			<width>100</width>
			<bottom>310</bottom>
			<movement>6</movement>
			<focusposition>3</focusposition>
			<onfocus>ClearProperty(listposition,home)</onfocus>
			<onright>SetFocus($INFO[Container(9000).ListItem.Property(menu_id)])</onright>
			<onup>700</onup>
			<ondown>713</ondown>
			<!-- <onleft>9500</onleft> -->
			<scrolltime tween="cubic" easing="out">500</scrolltime>
			<focusedlayout height="95">
				<control type="group">
					<animation effect="fade" start="100" end="0" time="0">UnFocus</animation>
					<control type="image">
						<left>0</left>
						<top>0</top>
						<width>95</width>
						<height>95</height>
						<texture colordiffuse="button_focus">lists/focus.png</texture>
						<animation effect="fade" start="100" end="0" time="0" condition="[!Control.HasFocus(9000) + !ControlGroup(700).HasFocus + !ControlGroup(710).HasFocus] | System.HasModalDialog">Conditional</animation>
					</control>
					<control type="image">
						<left>-3</left>
						<top>1</top>
						<width>95</width>
						<height>95</height>
						<texture colordiffuse="button_focus">$INFO[ListItem.Art(thumb)]</texture>
						<animation effect="fade" start="0" end="100" time="300" reversible="false">Focus</animation>
					</control>
					<control type="image">
						<left>0</left>
						<top>0</top>
						<width>95</width>
						<height>95</height>
						<texture colordiffuse="51FFFFFF">colors/black.png</texture>
						<animation effect="fade" start="100" end="0" time="0" condition="[!Control.HasFocus(9000) + !ControlGroup(700).HasFocus + !ControlGroup(710).HasFocus] | System.HasModalDialog">Conditional</animation>
					</control>
				</control>
				<control type="image">
					<left>-3</left>
					<top>1</top>
					<width>95</width>
					<height>95</height>
					<texture>$INFO[ListItem.Art(thumb)]</texture>
				</control>
				<control type="label">
					<left>104</left>
					<top>0</top>
					<height>95</height>
					<width>560</width>
					<aligny>center</aligny>
					<font>font37</font>
					<label>$INFO[ListItem.Label]</label>
					<shadowcolor>text_shadow</shadowcolor>
					<visible>false</visible>
				</control>
				<control type="image">
					<description>Dialog Header image</description>
					<left>0</left>
					<top>0</top>
					<bottom>0</bottom>
					<width>10</width>
					<texture colordiffuse="button_focus" border="10">dialogs/separator-grey.png</texture>
					<visible>!Control.HasFocus(9000) | System.HasModalDialog</visible>
				</control>
			</focusedlayout>
			<itemlayout height="95">
				<control type="image">
					<left>-3</left>
					<top>1</top>
					<width>95</width>
					<height>95</height>
					<texture colordiffuse="44FFFFFF">$INFO[ListItem.Art(thumb)]</texture>
				</control>
				<control type="label">
					<left>104</left>
					<top>0</top>
					<height>95</height>
					<width>560</width>
					<aligny>center</aligny>
					<font>font37</font>
					<label>$INFO[ListItem.Label]</label>
					<shadowcolor>text_shadow</shadowcolor>
					<visible>false</visible>
				</control>
			</itemlayout>
			<!-- <content>
				<include content="HomeMenuItem">
					<param name="menuitem_number" value="Skin.String(homemenu_slot1)" />
				</include>
				<include content="HomeMenuItem">
					<param name="menuitem_number" value="Skin.String(homemenu_slot2)" />
				</include>
				<include content="HomeMenuItem">
					<param name="menuitem_number" value="Skin.String(homemenu_slot3)" />
				</include>
				<include content="HomeMenuItem">
					<param name="menuitem_number" value="Skin.String(homemenu_slot4)" />
				</include>
				<include content="HomeMenuItem">
					<param name="menuitem_number" value="Skin.String(homemenu_slot5)" />
				</include>
				<include content="HomeMenuItem">
					<param name="menuitem_number" value="Skin.String(homemenu_slot6)" />
				</include>
				<include content="HomeMenuItem">
					<param name="menuitem_number" value="Skin.String(homemenu_slot7)" />
				</include>
				<include content="HomeMenuItem">
					<param name="menuitem_number" value="Skin.String(homemenu_slot8)" />
				</include>
				<include content="HomeMenuItem">
					<param name="menuitem_number" value="Skin.String(homemenu_slot9)" />
				</include>
				<include content="HomeMenuItem">
					<param name="menuitem_number" value="Skin.String(homemenu_slot10)" />
				</include>
				<include content="HomeMenuItem">
					<param name="menuitem_number" value="Skin.String(homemenu_slot11)" />
				</include>
				<item>
						<label>$LOCALIZE[427]</label>
						<onclick>PlayDisc</onclick>
						<property name="menu_id">$NUMBER[21000]</property>
						<thumb>icons/sidemenu/disc.png</thumb>
						<property name="id">disc</property>
						<visible>System.HasMediaDVD</visible>
					</item>
			</content> -->
			<content>
				<item>
					<label>$LOCALIZE[342]</label>
					<onclick condition="Library.HasContent(movies)">ActivateWindow(Videos,videodb://movies/titles/,return)</onclick>
					<onclick condition="!Library.HasContent(movies)">ActivateWindow(Videos,sources://video/,return)</onclick>
					<property name="menu_id">$NUMBER[5000]</property>
					<thumb>icons/sidemenu/movies.png</thumb>
					<property name="id">movies</property>
					<visible>!Skin.HasSetting(HomeMenuNoMovieButton)</visible>
				</item>
				<item>
					<label>$LOCALIZE[20343]</label>
					<onclick condition="Library.HasContent(tvshows)">ActivateWindow(Videos,videodb://tvshows/titles/,return)</onclick>
					<onclick condition="!Library.HasContent(tvshows)">ActivateWindow(Videos,sources://video/,return)</onclick>
					<property name="menu_id">$NUMBER[6000]</property>
					<thumb>icons/sidemenu/tv.png</thumb>
					<property name="id">tvshows</property>
					<visible>!Skin.HasSetting(HomeMenuNoTVShowButton)</visible>
				</item>
				<item>
					<label>$LOCALIZE[2]</label>
					<onclick>ActivateWindow(Music,root,return)</onclick>
					<property name="menu_id">$NUMBER[7000]</property>
					<thumb>icons/sidemenu/music.png</thumb>
					<property name="id">music</property>
					<visible>!Skin.HasSetting(HomeMenuNoMusicButton)</visible>
				</item>
				<item>
					<label>$LOCALIZE[427]</label>
					<onclick>PlayDisc</onclick>
					<property name="menu_id">$NUMBER[21000]</property>
					<thumb>icons/sidemenu/disc.png</thumb>
					<property name="id">disc</property>
					<visible>System.HasMediaDVD</visible>
				</item>
				<item>
					<label>$LOCALIZE[20389]</label>
					<property name="menu_id">$NUMBER[16000]</property>
					<onclick>ActivateWindow(Videos,musicvideos,return)</onclick>
					<thumb>icons/sidemenu/musicvideos.png</thumb>
					<property name="id">musicvideos</property>
					<visible>!Skin.HasSetting(HomeMenuNoMusicVideoButton)</visible>
				</item>
				<item>
					<label>$LOCALIZE[19020]</label>
					<property name="menu_id">$NUMBER[12000]</property>
					<onclick>ActivateWindow(TVChannels)</onclick>
					<thumb>icons/sidemenu/livetv.png</thumb>
					<property name="id">livetv</property>
					<visible>!Skin.HasSetting(HomeMenuNoTVButton)</visible>
				</item>
				<item>
					<label>$LOCALIZE[19021]</label>
					<property name="menu_id">$NUMBER[13000]</property>
					<onclick>ActivateWindow(RadioChannels)</onclick>
					<thumb>icons/sidemenu/radio.png</thumb>
					<property name="id">radio</property>
					<visible>!Skin.HasSetting(HomeMenuNoRadioButton)</visible>
				</item>
				<item>
					<label>$LOCALIZE[24001]</label>
					<property name="menu_id">$NUMBER[8000]</property>
					<onclick>ActivateWindow(1100)</onclick>
					<thumb>icons/sidemenu/addons.png</thumb>
					<property name="id">addons</property>
					<visible>!Skin.HasSetting(HomeMenuNoProgramsButton)</visible>
				</item>
				<item>
					<label>$LOCALIZE[1]</label>
					<onclick>ActivateWindow(Pictures)</onclick>
					<property name="menu_id">$NUMBER[4000]</property>
					<thumb>icons/sidemenu/pictures.png</thumb>
					<property name="id">pictures</property>
					<visible>!Skin.HasSetting(HomeMenuNoPicturesButton)</visible>
				</item>
				<item>
					<label>$LOCALIZE[3]</label>
					<onclick>ActivateWindow(Videos,root)</onclick>
					<property name="menu_id">$NUMBER[11000]</property>
					<thumb>icons/sidemenu/videos.png</thumb>
					<property name="id">video</property>
					<visible>!Skin.HasSetting(HomeMenuNoVideosButton)</visible>
				</item>
				<item>
					<label>$LOCALIZE[10134]</label>
					<onclick>ActivateWindow(favourites)</onclick>
					<property name="menu_id">$NUMBER[14000]</property>
					<thumb>icons/sidemenu/favourites.png</thumb>
					<property name="id">favorites</property>
					<visible>!Skin.HasSetting(HomeMenuNoFavButton)</visible>
				</item>
				<item>
					<label>$LOCALIZE[8]</label>
					<onclick condition="!String.IsEmpty(Weather.Plugin)">ActivateWindow(Weather)</onclick>
					<onclick condition="String.IsEmpty(Weather.Plugin)">ReplaceWindow(servicesettings,weather)</onclick>
					<property name="menu_id">$NUMBER[15000]</property>
					<thumb>icons/sidemenu/weather.png</thumb>
					<property name="id">weather</property>
					<visible>!Skin.HasSetting(HomeMenuNoWeatherButton)</visible>
				</item>
			</content>
		</control>
	</include>
	<include name="HomeMenuQuickSettings">
		<control type="group">
			<include>MediaMenuCommon_v2</include>
			<control type="fixedlist" id="9500">
				<orientation>horizontal</orientation>
				<left>103</left>
				<top>120</top>
				<width>462</width>
				<bottom>-10</bottom>
				<movement>6</movement>
				<focusposition>1</focusposition>
				<!-- <onunfocus>Control.SetFocus(9000)</onunfocus> -->
				<!-- <onclick>Control.SetFocus(700)</onclick> -->
				<ondown>9600</ondown>
				<onback>9000</onback>
				<onleft>9000</onleft>
				<scrolltime tween="cubic" easing="out">500</scrolltime>
				<focusedlayout height="95" width="180">
					<control type="image">
						<left>-16</left>
						<top>-14</top>
						<width>125</width>
						<height>125</height>
						<texture colordiffuse="button_focus">buttons/roundbutton-fo.png</texture>
						<visible>ControlGroup(9600).HasFocus</visible>
					</control>
					<control type="group">
						<animation effect="fade" start="100" end="0" time="0">UnFocus</animation>
						<control type="image">
							<left>-16</left>
							<top>-14</top>
							<width>125</width>
							<height>125</height>
							<texture colordiffuse="button_focus">buttons/roundbutton-fo.png</texture>
						</control>
						<control type="image">
							<left>0</left>
							<top>0</top>
							<width>95</width>
							<height>95</height>
							<texture colordiffuse="button_focus">$INFO[ListItem.Art(thumb)]</texture>
							<animation effect="fade" start="0" end="100" time="300" reversible="false">Focus</animation>
						</control>
						<control type="image">
							<left>-16</left>
							<top>-14</top>
							<width>125</width>
							<height>125</height>
							<texture colordiffuse="50000000">buttons/roundbutton-fo.png</texture>
						</control>
					</control>
					<control type="image">
						<left>0</left>
						<top>0</top>
						<width>95</width>
						<height>95</height>
						<texture>$INFO[ListItem.Art(thumb)]</texture>
					</control>
				</focusedlayout>
				<itemlayout height="95" width="180">
					<control type="image">
						<left>0</left>
						<top>0</top>
						<width>95</width>
						<height>95</height>
						<texture colordiffuse="44FFFFFF">$INFO[ListItem.Art(thumb)]</texture>
					</control>
				</itemlayout>
				<content>
					<item id="9501">
						<onclick>Control.SetFocus(9000)</onclick>
						<onclick>ActivateWindow(addonbrowser)</onclick>
						<property name="menu_id">$NUMBER[50001]</property>
						<thumb>icons/sidemenu/addons.png</thumb>
						<property name="id">addonsqm</property>
					</item>
					<item id="9502">
						<onclick>Control.SetFocus(9000)</onclick>
						<onclick>ActivateWindow(settings)</onclick>
						<property name="menu_id">$NUMBER[60001]</property>
						<thumb>icons/sidemenu/manage.png</thumb>
						<property name="id">settingsqm</property>
					</item>
					<item id="9503">
						<onclick>Control.SetFocus(9000)</onclick>
						<onclick>noop</onclick>
						<property name="menu_id">$NUMBER[70001]</property>
						<thumb>icons/sidemenu/actors.png</thumb>
						<property name="id">otherqm</property>
					</item>
				</content>
			</control>
			<control type="group" id="9600">
				<left>95</left>
				<width>470</width>
				<control type="grouplist" id="9610">
					<top>240</top>
					<bottom>140</bottom>
					<onright>Control.SetFocus(9500,1)</onright>
					<onleft>Control.SetFocus(9500,2)</onleft>
					<onup>9500</onup>
					<onback>9000</onback>
					<visible>Container(9500).HasFocus(9501)</visible>
					<control type="button" id="9611">
						<label>$LOCALIZE[1037]</label>
						<include>DefaultSettingButton</include>
						<onclick>Control.SetFocus(9000)</onclick>
						<onclick>ActivateWindow(videos,addons://sources/video/,return)</onclick>
					</control>
					<control type="button" id="9612">
						<label>$LOCALIZE[1038]</label>
						<include>DefaultSettingButton</include>
						<onclick>ActivateWindow(music,addons://sources/audio/,return)</onclick>
					</control>
					<control type="button" id="9613">
						<label>$LOCALIZE[1043]</label>
						<include>DefaultSettingButton</include>
						<onclick>ActivateWindow(programs,addons://sources/executable/,return)</onclick>
					</control>
					<control type="button" id="9614">
						<label>$LOCALIZE[20244]</label>
						<include>DefaultSettingButton</include>
						<onclick>ActivateWindow(programs,androidapp://sources/apps/,return)</onclick>
						<!-- <visible>System.Platform.Android</visible> -->
					</control>
					<control type="button" id="9615">
						<label>$LOCALIZE[1039]</label>
						<include>DefaultSettingButton</include>
						<onclick>ActivateWindow(pictures,addons://sources/image/,return)</onclick>
					</control>
					<control type="button" id="9616">
						<label>$LOCALIZE[24998]</label>
						<include>DefaultSettingButton</include>
						<onclick>ActivateWindow(addonbrowser,addons://user/,return)</onclick>
					</control>
					<control type="button" id="9617">
						<label>$LOCALIZE[33003]</label>
						<include>DefaultSettingButton</include>
						<onclick>ActivateWindow(addonbrowser,addons://all/,return)</onclick>
					</control>
				</control>
				<control type="grouplist" id="9620">
					<top>240</top>
					<bottom>140</bottom>
					<onright>Control.SetFocus(9500,2)</onright>
					<onleft>Control.SetFocus(9500,0)</onleft>
					<onup>9500</onup>
					<onback>9000</onback>
					<visible>Container(9500).HasFocus(9502)</visible>
					<control type="button" id="9621">
						<label>1</label>
						<include>DefaultSettingButton</include>
						<onclick>ActivateWindow(videos,addons://sources/video/,return)</onclick>
						
					</control>
					<control type="button" id="9622">
						<label>2</label>
						<include>DefaultSettingButton</include>
						<onclick>ActivateWindow(music,addons://sources/audio/,return)</onclick>
					</control>
					<control type="button" id="9623">
						<label>3</label>
						<include>DefaultSettingButton</include>
						<onclick>ActivateWindow(programs,addons://sources/executable/,return)</onclick>
					</control>
				</control>
				<control type="grouplist" id="9630">
					<top>240</top>
					<bottom>140</bottom>
					<onright>Control.SetFocus(9500,0)</onright>
					<onleft>Control.SetFocus(9500,1)</onleft>
					<onup>9500</onup>
					<onback>9000</onback>
					<visible>Container(9500).HasFocus(9503)</visible>
					<control type="button" id="9631">
						<label>4</label>
						<include>DefaultSettingButton</include>
						<onclick>ActivateWindow(videos,addons://sources/video/,return)</onclick>
					</control>
					<control type="button" id="9632">
						<label>25</label>
						<include>DefaultSettingButton</include>
						<onclick>ActivateWindow(music,addons://sources/audio/,return)</onclick>
					</control>
					<control type="button" id="9633">
						<label>6</label>
						<include>DefaultSettingButton</include>
						<onclick>ActivateWindow(programs,addons://sources/executable/,return)</onclick>
					</control>
				</control>
				<control type="image">
					<description>Dialog Header image</description>
					<left>0</left>
					<bottom>340</bottom>
					<right>0</right>
					<height>3</height>
					<texture colordiffuse="button_focus" border="2">dialogs/separator-grey.png</texture>
				</control>
				<!-- <control type="image">
					<description>Dialog Header image</description>
					<left>0</left>
					<bottom>60</bottom>
					<right>0</right>
					<height>3</height>
					<texture colordiffuse="button_focus" border="2">dialogs/separator-grey.png</texture>
				</control> -->
			</control>
			<control type="group">
				<top>40</top>
				<left>65</left>
				<control type="image">
					<aspectratio>keep</aspectratio>
					<width>60</width>
					<height>60</height>
					<texture colordiffuse="button_focus">icons/logo.png</texture>
				</control>
				<control type="image">
					<left>164</left>
					<top>14</top>
					<aspectratio>keep</aspectratio>
					<width>192</width>
					<height>36</height>
					<texture>icons/logo-text.png</texture>
				</control>
			</control>
		</control>
	</include>
	<include name="HomeMainMenu">	
		<control type="group">
			<depth>DepthContentPanel</depth>
			<include>OpenClose_Left</include>
			<include content="ContentPanel">
				<param name="width" value="155" />
			</include>
			<include>HomeMainMenuItem</include>
			<include>HomeSystemButtonsBottom</include>
			<!-- <include condition="Skin.HasSetting(systembutton)">HomeSystemButtonsBottom</include> -->
		</control>
	</include>
</includes>