﻿<?xml version="1.0" encoding="utf-8"?>
<includes>
	<!-- <include name="HomeSystemButtons">
		<control type="grouplist" id="700">
			<orientation>horizontal</orientation>
			<itemgap>0</itemgap>
			<left>-8</left>
			<width>480</width>
			<height>110</height>
			<top>100</top>
			<onup>SetFocus(9000,99,absolute)</onup>
			<ondown>SetFocus(9000,0,absolute)</ondown>
			<onright>2000</onright>
			<align>justify</align>
			<include content="IconButtonvariant">
				<param name="control_id" value="801" />
				<param name="onclick" value="SetProperty(fanarthometype,power,home)" />
				<param name="onclick_2" value="SetProperty(homebackground,$VAR[BackgroundPowerVar],home)" />
				<param name="onclick_3" value="ActivateWindow(shutdownmenu)" />
				<param name="icon" value="icons/power.png" />
				<param name="label" value="$LOCALIZE[33060]" />
			</include>
			<include content="IconButtonvariant">
				<param name="control_id" value="802" />
				<param name="onclick" value="SetProperty(fanarthometype,settings,home)" />
				<param name="onclick_2" value="SetProperty(homebackground,$VAR[BackgroundSettingsVar],home)" />
				<param name="onclick_3" value="ActivateWindow(settings)" />
				<param name="icon" value="icons/settings.png" />
				<param name="label" value="$LOCALIZE[21417]" />
			</include>
			<include content="IconButtonvariant">
				<param name="control_id" value="803" />
				<param name="onclick" value="ActivateWindow(1107)" />
				<param name="icon" value="icons/search.png" />
				<param name="label" value="$LOCALIZE[137]" />
			</include>
			<include content="IconButtonvariant">
				<param name="control_id" value="804" />
				<param name="onclick" value="Fullscreen" />
				<param name="icon" value="icons/now-playing/fullscreen.png" />
				<param name="label" value="$LOCALIZE[31000]" />
				<param name="visible" value="Player.HasMedia" />
			</include>
		</control>
	</include> -->
	<!-- Системные кнопки верхние-->
	<include name="HomeSystemButtonsTop">
        <control type="grouplist" id="700">
			<orientation>horizontal</orientation>
			<itemgap>0</itemgap>
			<left>-8</left>
			<width>480</width>
			<height>110</height>
			<top>100</top>
			<onup>SetFocus(710)</onup>
			<onup>PageDown</onup>
			<onup>PageDown</onup>
			<ondown>SetFocus(9000)</ondown>
			<ondown>PageUp</ondown>
			<ondown>PageUp</ondown>
			<onright>2000</onright>
			<align>justify</align>
			<!--Проводник-->
			<include content="IconButton" condition="Skin.HasSetting(systembutton)">
				<param name="control_id" value="801" />
				<param name="onclick" value="ActivateWindow(filemanager)" />
				<param name="icon" value="icons/filemanager.png" />
			</include>	
			<!--Дополнения-->
			<include content="IconButton" condition="Skin.HasSetting(systembutton)">
				<param name="control_id" value="802" />
				<param name="onclick" value="ActivateWindow(addonbrowser)" />
				<param name="icon" value="icons/submenu/add-ons.png" />
			</include>
			<!--Насйтроки-->
			<include content="IconButton" condition="Skin.HasSetting(systembutton)">
				<param name="control_id" value="803" />
				<param name="onclick" value="ActivateWindow(settings)" />
				<param name="icon" value="icons/settings.png" />
			</include>
			<!--Выключение-->
			<include content="IconButton" condition="!Skin.HasSetting(systembutton)">
				<param name="control_id" value="804" />
				<param name="onclick" value="ActivateWindow(shutdownmenu)" />
				<param name="icon" value="icons/power.png" />
				<param name="label" value="$LOCALIZE[33060]" />
			</include>
			<!--Настройки-->
			<include content="IconButton" condition="!Skin.HasSetting(systembutton)">
				<param name="control_id" value="805" />
				<param name="onclick" value="ActivateWindow(settings)" />
				<param name="icon" value="icons/settings.png" />
				<param name="label" value="$LOCALIZE[21417]" />
			</include>
			<!--Поиск-->
			<include content="IconButton" condition="!Skin.HasSetting(systembutton)">
				<param name="control_id" value="806" />
				<param name="onclick" value="ActivateWindow(1107)" />
				<param name="icon" value="icons/search.png" />
				<param name="label" value="$LOCALIZE[137]" />
			</include>
			<!--На весь экран-->
			<include content="IconButton">
				<param name="control_id" value="807" />
				<param name="onclick" value="Fullscreen" />
				<param name="icon" value="icons/now-playing/fullscreen.png" />
				<param name="label" value="$LOCALIZE[31000]" />
				<param name="visible" value="Player.HasMedia" />
			</include>
		</control>
	</include>
	<!-- Системные кнопки нижние-->
	<include name="HomeSystemButtonsBottom">
		<control type="grouplist" id="710">
			<orientation>horizontal</orientation>
			<itemgap>0</itemgap>
			<left>-8</left>
			<width>480</width>
			<height>110</height>
			<bottom>0</bottom>
			<onup>SetFocus(9000)</onup>
			<onup>PageDown</onup>
			<onup>PageDown</onup>
			<ondown>SetFocus(700)</ondown>
			<ondown>PageUp</ondown>
			<ondown>PageUp</ondown>
			<onright>2000</onright>
			<align>justify</align>
			<!--Выключение-->
			<include content="IconButton" condition="Skin.HasSetting(systembutton)">
				<param name="control_id" value="1701" />
				<param name="onclick" value="ActivateWindow(shutdownmenu)" />
				<param name="icon" value="icons/power.png" />
			</include>								
			<!--Избранное-->
			<include content="IconButton" condition="Skin.HasSetting(systembutton)">
				<param name="control_id" value="1702" />
				<param name="onclick" value="ActivateWindow(favourites)" />
				<param name="icon" value="icons/favourites.png" />
			</include>			
			<!--Поиск-->
			<include content="IconButton" condition="Skin.HasSetting(systembutton)">
				<param name="control_id" value="1703" />
				<param name="onclick" value="ActivateWindow(1107)" />
				<param name="icon" value="icons/search.png" />
			</include>	
		</control>
	</include>
	<include name="HomeMainMenu">
		<control type="group">
			<!-- <animation effect="slide" end="-522,0" time="350" tween="quadratic" easing="out" condition="[!Control.HasFocus(9000) + !ControlGroup(700).HasFocus + !ControlGroup(710).HasFocus] + Skin.HasSetting(FullScreenWidgetMenu)">Conditional</animation> -->
			<depth>DepthContentPanel</depth>
			<include>OpenClose_Left</include>
			<include content="ContentPanel">
				<param name="width" value="522" />
			</include>
			<include>HomeSystemButtonsTop</include>
			<control type="fixedlist" id="9000">
				<left>0</left>
				<top>220</top>
				<width>462</width>
				<include condition="Skin.HasSetting(systembutton)">twopanel</include>
				<include condition="!Skin.HasSetting(systembutton)">onepanel</include>
				<movement>6</movement>
				<focusposition>1</focusposition>
				<onfocus>ClearProperty(listposition,home)</onfocus>
				<!-- <onright>SetFocus($INFO[Container(9000).ListItem.Property(menu_id)])</onright> -->
				<onright>2000</onright>
				<onup>700</onup>
				<ondown condition="!Skin.HasSetting(systembutton)">700</ondown>
				<ondown>710</ondown>
				<!-- <onleft>9500</onleft> -->
				<scrolltime tween="cubic" easing="out">500</scrolltime>
				<focusedlayout height="95">
					<control type="group">
						<animation effect="fade" start="100" end="0" time="0">UnFocus</animation>
						<control type="image">
							<left>0</left>
							<top>0</top>
							<width>462</width>
							<height>95</height>
							<texture colordiffuse="button_focus">lists/focus.png</texture>
							<!-- <texture colordiffuse="$VAR[MainColorVar]">lists/focus.png</texture> -->
							<animation effect="fade" start="100" end="0" time="0" condition="[!Control.HasFocus(9000) + !ControlGroup(700).HasFocus] | System.HasModalDialog">Conditional</animation>
						</control>
						<control type="image">
							<left>-3</left>
							<top>1</top>
							<width>95</width>
							<height>95</height>
							<texture colordiffuse="button_focus">$INFO[ListItem.Art(thumb)]</texture>
							<!-- <texture colordiffuse="$VAR[MainColorVar]">$INFO[ListItem.Icon]</texture> -->
							<animation effect="fade" start="0" end="100" time="300" reversible="false">Focus</animation>
						</control>
						<control type="image">
							<left>0</left>
							<top>0</top>
							<width>95</width>
							<height>95</height>
							<texture colordiffuse="51FFFFFF">colors/black.png</texture>
							<animation effect="fade" start="100" end="0" time="0" condition="[!Control.HasFocus(9000) + !ControlGroup(700).HasFocus] | System.HasModalDialog">Conditional</animation>
						</control>
					</control>
					<control type="image">
						<left>-3</left>
						<top>1</top>
						<width>95</width>
						<height>95</height>
						<texture>$INFO[ListItem.Icon]</texture>
					</control>
					<control type="label">
						<left>104</left>
						<top>0</top>
						<height>95</height>
						<width>560</width>
						<aligny>center</aligny>
						<font>font37</font>
						<label>$INFO[ListItem.Label]</label>
						<shadowcolor>text_shadow</shadowcolor>
					</control>
				</focusedlayout>
				<itemlayout height="95">
					<control type="image">
						<left>-3</left>
						<top>1</top>
						<width>95</width>
						<height>95</height>
						<texture colordiffuse="44FFFFFF">$INFO[ListItem.Icon]</texture>
					</control>
					<control type="label">
						<left>104</left>
						<top>0</top>
						<height>95</height>
						<width>560</width>
						<aligny>center</aligny>
						<font>font37</font>
						<label>$INFO[ListItem.Label]</label>
						<shadowcolor>text_shadow</shadowcolor>
					</control>
				</itemlayout>
				<content>
					<include>skinshortcuts-mainmenu</include>
				</content>
			</control>
			<!-- <include>HomeSystemButtons</include> -->
			<include>HomeSystemButtonsBottom</include>
		</control>
	</include>
</includes>