﻿<?xml version="1.0" encoding="utf-8"?>
<includes>
	<include name="HomeWidgetMenu">
		<control type="group" id="2000">
			<!-- <left>462</left> -->
			<include condition="Skin.HasSetting(FullScreenWidgetMenu)">HideMainMenuWithWidgets</include>
			<include condition="!Skin.HasSetting(FullScreenWidgetMenu)">NotHideMainMenuWithWidgets</include>
			<animation type="Conditional" condition="Control.IsVisible(20000)" reversible="false">
				<effect type="slide" end="0,20" time="60" tween="sine" />
				<effect type="slide" end="0,-20" time="180" tween="sine" delay="80" />
			</animation>
			<animation type="Conditional" condition="Control.IsVisible(20001)" reversible="false">
				<effect type="slide" end="0,-20" time="60" tween="sine" />
				<effect type="slide" end="0,20" time="180" tween="sine" delay="80" />
			</animation>
			<include>OpenClose_Right</include>
			<!--Фильмы-->
			<control type="group" id="5000">
				<animation effect="slide" end="502,0" time="200" tween="quadratic" easing="out" condition="[Control.HasFocus(9000) | ControlGroup(700).HasFocus | ControlGroup(710).HasFocus] + Skin.HasSetting(FullScreenWidgetMenu)">Conditional</animation>
				<visible>String.IsEqual(Container(9000).ListItem.Property(id),movies)</visible>
				<include content="Visible_Right_Delayed">
					<param name="id" value="movies"/>
				</include>
				<!--Список виджетов-->
				<control type="grouplist" id="5001">
					<include>WidgetGroupListCommon</include>
					<!--Категории-->
					<include content="WidgetListCategories" condition="[String.IsEmpty(Skin.String(shift_categories)) | Skin.HasSetting(FullScreenWidgetMenu) | String.IsEqual(Skin.String(shift_categories),1)] + Library.HasContent(movies)">
						<param name="content_path" value="library://video/movies/"/>
						<param name="widget_header" value="$LOCALIZE[31148]"/>
						<param name="widget_target" value="videos"/>
						<param name="list_id" value="5900"/>
					</include>
 					<!-- Movies Addons -->
					<include condition="![Skin.HasSetting(enable_custom_list_addons) + Skin.HasSetting(enable_custom_list_addons_video)] + Library.HasContent(movies)" content="WidgetListSquare">
						<param name="content_path" value="addons://sources/video/"/>
						<param name="widget_header" value="$LOCALIZE[1037]"/>
						<param name="widget_target" value="videos"/>
						<param name="sortby" value="lastused"/>
						<param name="sortorder" value="descending"/>
						<param name="list_id" value="5100"/>
						<param name="fallback_icon" value="DefaultAddon.png"/>
					</include>
					<include condition="[Skin.HasSetting(enable_custom_list_addons) + Skin.HasSetting(enable_custom_list_addons_video)] + Library.HasContent(movies)" content="WidgetListCustomAddons">
						<param name="widget_header" value="$LOCALIZE[1037]"/>
						<param name="widget_target" value="Video"/>
						<param name="list_id" value="5100"/>                    
						<param name="fallback_icon" value="DefaultAddon.png"/>
					</include>
					<!--Вы смотрите-->
					<include content="WidgetListPoster" condition="Library.HasContent(movies)">
						<param name="visible" value="!Skin.HasSetting(WidgetInprogressMoviesMovieOff)"/>
						<param name="content_path" value="special://skin/playlists/inprogress_movies.xsp"/>
						<param name="widget_header" value="$LOCALIZE[31010]"/>
						<param name="widget_target" value="videos"/>
						<param name="list_id" value="5700"/>
					</include>
					<!--Последние фильмы-->
					<include content="WidgetListPoster" condition="Library.HasContent(movies)">
						<param name="visible" value="!Skin.HasSetting(WidgetRecentUnwatchedMovieOff)"/>
						<param name="content_path" value="special://skin/playlists/recent_unwatched_movies.xsp"/>
						<param name="widget_header" value="$LOCALIZE[20386]"/>
						<param name="widget_target" value="videos"/>
						<param name="list_id" value="5200"/>
					</include>
					<!--Непросмотренные фильмы-->
					<include content="WidgetListPoster" condition="Library.HasContent(movies)">
						<param name="visible" value="!Skin.HasSetting(WidgetUnwatchedMovieOff)"/>
						<param name="content_path" value="special://skin/playlists/unwatched_movies.xsp"/>
						<param name="widget_header" value="$LOCALIZE[31007]"/>
						<param name="widget_target" value="videos"/>
						<param name="list_id" value="5300"/>
					</include>
					<!--Случайные фильмы-->
					<include content="WidgetListPoster" condition="Library.HasContent(movies)">
						<param name="visible" value="!Skin.HasSetting(WidgetRandomMovieOff)"/>
						<param name="content_path" value="special://skin/playlists/random_movies.xsp"/>
						<param name="widget_header" value="$LOCALIZE[31006]"/>
						<param name="widget_target" value="videos"/>
						<param name="list_id" value="5400"/>
						<param name="visible" value="Skin.ToggleSetting(WidgetOffMod)"/>
					</include>
					<!--Киноциклы-->
					<include content="WidgetListPoster" condition="Library.HasContent(movies)">
						<param name="visible" value="!Skin.HasSetting(WidgetSetsMovieOff)"/>
						<param name="content_path" value="videodb://movies/sets/"/>
						<param name="widget_header" value="$LOCALIZE[31075]"/>
						<param name="widget_target" value="videos"/>
						<param name="sortby" value="random"/>
						<param name="list_id" value="5600"/>
					</include>
				</control>
				<include content="ImageWidget" condition="!Library.HasContent(movies)">
					<param name="text_label" value="$LOCALIZE[31104]" />
					<param name="button_label" value="$LOCALIZE[31110]" />
					<param name="button_onclick" value="ActivateWindow(videos,files,return)"/>
					<param name="button_id" value="5500"/>
					<param name="button2_onclick" value="ActivateWindow(1120)"/>
				</include>
			</control>
			<!--Сериалы-->
			<control type="group" id="6000">
				<animation effect="slide" end="502,0" time="200" tween="quadratic" easing="out" condition="[Control.HasFocus(9000) | ControlGroup(700).HasFocus | ControlGroup(710).HasFocus] + Skin.HasSetting(FullScreenWidgetMenu)">Conditional</animation>
				<visible>String.IsEqual(Container(9000).ListItem.Property(id),tvshows)</visible>
				<include content="Visible_Right_Delayed">
					<param name="id" value="tvshows"/>
				</include>
				<!--Список виджетов-->
				<control type="grouplist" id="6001">
					<include>WidgetGroupListCommon</include>
					<!--Категории-->
					<include content="WidgetListCategories" condition="[String.IsEmpty(Skin.String(shift_categories)) | Skin.HasSetting(FullScreenWidgetMenu) | String.IsEqual(Skin.String(shift_categories),1)] + Library.HasContent(tvshows)">
						<param name="content_path" value="library://video/tvshows/"/>
						<param name="widget_header" value="$LOCALIZE[31148]"/>
						<param name="widget_target" value="videos"/>
						<param name="list_id" value="6900"/>
					</include>
					<!-- TVSeries Addons -->
					<include condition="![Skin.HasSetting(enable_custom_list_addons) + Skin.HasSetting(enable_custom_list_addons_tvseries)] + Library.HasContent(tvshows)" content="WidgetListSquare">
						<param name="content_path" value="addons://sources/video/"/>
						<param name="widget_header" value="$LOCALIZE[1037]"/>
						<param name="widget_target" value="videos"/>
						<param name="sortby" value="lastused"/>
						<param name="sortorder" value="descending"/>
						<param name="list_id" value="6500"/>
						<param name="fallback_icon" value="DefaultAddon.png"/>
					</include>
					<include condition="[Skin.HasSetting(enable_custom_list_addons) + Skin.HasSetting(enable_custom_list_addons_tvseries)] + Library.HasContent(tvshows)" content="WidgetListCustomAddons">
						<param name="widget_header" value="$LOCALIZE[1037]"/>
						<param name="widget_target" value="TVSeries"/>
						<param name="list_id" value="6500"/>                    
						<param name="fallback_icon" value="DefaultAddon.png"/>
					</include>
					<!--Вы смотрите-->
					<include content="WidgetListPoster" condition="Library.HasContent(tvshows)">
						<param name="visible" value="!Skin.HasSetting(WidgetInprogressTVShowsOff)"/>
						<param name="content_path" value="videodb://inprogresstvshows"/>
						<param name="sortby" value="lastplayed"/>
						<param name="sortorder" value="descending"/>
						<param name="widget_header" value="$LOCALIZE[626]"/>
						<param name="widget_target" value="videos"/>
						<param name="list_id" value="6100"/>
					</include>
					<!--Последние серии-->
					<include content="WidgetListEpisodes" condition="Library.HasContent(tvshows)">
						<param name="visible" value="!Skin.HasSetting(WidgetRecentUnwatchedEpisodesTVShowsOff)"/>
						<param name="content_path" value="special://skin/playlists/recent_unwatched_episodes.xsp"/>
						<param name="widget_header" value="$LOCALIZE[20387]"/>
						<param name="widget_target" value="videos"/>
						<param name="list_id" value="6200"/>
					</include>
					<!--Непросмотренные сериалы-->
					<include content="WidgetListPoster" condition="Library.HasContent(tvshows)">
						<param name="visible" value="!Skin.HasSetting(WidgetUnwatchedEpisodesTVShowsOff)"/>
						<param name="content_path" value="special://skin/playlists/unwatched_tvshows.xsp"/>
						<param name="widget_header" value="$LOCALIZE[31122]"/>
						<param name="widget_target" value="videos"/>
						<param name="list_id" value="6300"/>
					</include>
				</control>
				<include content="ImageWidget" condition="!Library.HasContent(tvshows)">
					<param name="text_label" value="$LOCALIZE[31104]" />
					<param name="button_label" value="$LOCALIZE[31110]" />
					<param name="button_onclick" value="ActivateWindow(videos,files,return)"/>
					<param name="button_id" value="6400"/>
					<param name="button2_onclick" value="ActivateWindow(1120)"/>
				</include>
			</control>
			<!--Музыка-->
			<control type="group" id="7000">
				<animation effect="slide" end="502,0" time="200" tween="quadratic" easing="out" condition="[Control.HasFocus(9000) | ControlGroup(700).HasFocus | ControlGroup(710).HasFocus] + Skin.HasSetting(FullScreenWidgetMenu)">Conditional</animation>
				<visible>String.IsEqual(Container(9000).ListItem.Property(id),music)</visible>
				<include content="Visible_Right_Delayed">
					<param name="id" value="music"/>
				</include>
				<!--Список виджетов-->
				<control type="grouplist" id="7001">
					<include>WidgetGroupListCommon</include>
					<!--Категории-->
					<include content="WidgetListCategories" condition="[String.IsEmpty(Skin.String(shift_categories)) | Skin.HasSetting(FullScreenWidgetMenu) | String.IsEqual(Skin.String(shift_categories),1)] + Library.HasContent(music)">
						<param name="content_path" value="library://music/"/>
						<param name="widget_header" value="$LOCALIZE[31148]"/>
						<param name="widget_target" value="music"/>
						<param name="list_id" value="7700"/>
					</include>
					<!-- Music Addons -->					
					<include condition="![Skin.HasSetting(enable_custom_list_addons) + Skin.HasSetting(enable_custom_list_addons_audio)] + Library.HasContent(music)" content="WidgetListSquare">
						<param name="content_path" value="addons://sources/audio/"/>
						<param name="widget_header" value="$LOCALIZE[1038]"/>
						<param name="widget_target" value="music"/>
						<param name="sortby" value="lastused"/>
						<param name="sortorder" value="descending"/>
						<param name="list_id" value="7900"/>
						<param name="fallback_icon" value="DefaultAddon.png"/>
					</include>
					<include condition="[Skin.HasSetting(enable_custom_list_addons) + Skin.HasSetting(enable_custom_list_addons_audio)] + Library.HasContent(music)" content="WidgetListCustomAddons">
						<param name="widget_header" value="$LOCALIZE[1038]"/>
						<param name="widget_target" value="Audio"/>
						<param name="list_id" value="7900"/>                    
						<param name="fallback_icon" value="DefaultAddon.png"/>
					</include>
					<!--Недавно прослушанные альбомы-->
					<include content="WidgetListSquare" condition="Library.HasContent(music)">
						<param name="visible" value="!Skin.HasSetting(WidgetRecentlyPlayedAbumsMusicOff)"/>
						<param name="content_path" value="musicdb://recentlyplayedalbums"/>
						<param name="widget_header" value="$LOCALIZE[517]"/>
						<param name="widget_target" value="music"/>
						<param name="list_id" value="7100"/>
						<param name="fallback_icon" value="DefaultMusicAlbums.png"/>
					</include>
					<!--Последние альбомы-->
					<include content="WidgetListSquare" condition="Library.HasContent(music)">
						<param name="visible" value="!Skin.HasSetting(WidgetRecentlyAddedAbumsMusicOff)"/>
						<param name="content_path" value="musicdb://recentlyaddedalbums/"/>
						<param name="widget_header" value="$LOCALIZE[359]"/>
						<param name="widget_target" value="music"/>
						<param name="list_id" value="7200"/>
						<param name="fallback_icon" value="DefaultMusicAlbums.png"/>
					</include>
					<!-- Случайные альбомы -->
					<include content="WidgetListSquare" condition="Library.HasContent(music)">
						<param name="visible" value="!Skin.HasSetting(WidgetRandomAbumsMusicOff)"/>
						<param name="content_path" value="special://skin/playlists/random_albums.xsp"/>
						<param name="widget_header" value="$LOCALIZE[31012]"/>
						<param name="widget_target" value="music"/>
						<param name="list_id" value="7300"/>
						<param name="fallback_icon" value="DefaultMusicAlbums.png"/>
					</include>
					<!-- Случайные исполнители -->
					<include content="WidgetListSquare" condition="Library.HasContent(music)">
						<param name="visible" value="!Skin.HasSetting(WidgetRandomArtistsMusicOff)"/>
						<param name="content_path" value="special://skin/playlists/random_artists.xsp"/>
						<param name="widget_header" value="$LOCALIZE[31013]"/>
						<param name="widget_target" value="music"/>
						<param name="list_id" value="7400"/>
						<param name="fallback_icon" value="DefaultMusicArtists.png"/>
					</include>
					<!-- Непрослушаные альбомы -->
					<include content="WidgetListSquare" condition="Library.HasContent(music)">
						<param name="visible" value="!Skin.HasSetting(WidgetUnplayedAlbumsMusicOff)"/>
						<param name="content_path" value="special://skin/playlists/unplayed_albums.xsp"/>
						<param name="widget_header" value="$LOCALIZE[31014]"/>
						<param name="widget_target" value="music"/>
						<param name="list_id" value="7500"/>
						<param name="fallback_icon" value="DefaultMusicAlbums.png"/>
					</include>
					<!-- Самые проигрываемые альбомы -->
					<include content="WidgetListSquare" condition="Library.HasContent(music)">
						<param name="visible" value="!Skin.HasSetting(WidgetMostplayedAlbumsMusicOff)"/>
						<param name="content_path" value="special://skin/playlists/mostplayed_albums.xsp"/>
						<param name="widget_header" value="$LOCALIZE[31011]"/>
						<param name="widget_target" value="music"/>
						<param name="list_id" value="7600"/>
						<param name="fallback_icon" value="DefaultMusicAlbums.png"/>
						<param name="sortby" value="playcount"/>
						<param name="sortorder" value="descending"/>
					</include>
				</control>
				<include content="ImageWidget" condition="!Library.HasContent(music)">
					<param name="text_label" value="$LOCALIZE[31104]" />
					<param name="button_label" value="$LOCALIZE[31110]" />
					<param name="button_onclick" value="ActivateWindow(music,files)"/>
					<param name="button_id" value="7800"/>
					<param name="button2_onclick" value="ActivateWindow(1120)"/>
				</include>
			</control>
			<!-- Дополнения -->
			<control type="group" id="8000">
				<animation effect="slide" end="502,0" time="200" tween="quadratic" easing="out" condition="[Control.HasFocus(9000) | ControlGroup(700).HasFocus | ControlGroup(710).HasFocus] + Skin.HasSetting(FullScreenWidgetMenu)">Conditional</animation>
				<visible>String.IsEqual(Container(9000).ListItem.Property(id),addons)</visible>
				<include content="Visible_Right_Delayed">
					<param name="id" value="addons"/>
				</include>
				<control type="grouplist" id="8001">
					<include>WidgetGroupListCommon</include>
					<include content="WidgetListCategories" condition="String.IsEmpty(Skin.String(shift_categories)) | Skin.HasSetting(FullScreenWidgetMenu) | String.IsEqual(Skin.String(shift_categories),1)">
						<param name="widget_header" value="$LOCALIZE[31148]"/>
						<param name="list_id" value="8900"/>
						<param name="visible" value="Integer.IsGreater(Container(8100).NumItems,0) | Integer.IsGreater(Container(8200).NumItems,0) | Integer.IsGreater(Container(8300).NumItems,0) | Integer.IsGreater(Container(8400).NumItems,0) | Integer.IsGreater(Container(8500).NumItems,0)"/>
						<param name="addon_submenu" value="true"/>
					</include>
					<include content="WidgetListSquare">
						<param name="content_path" value="addons://sources/video/"/>
						<param name="widget_header" value="$LOCALIZE[1037]"/>
						<param name="widget_target" value="videos"/>
						<param name="sortby" value="lastused"/>
						<param name="sortorder" value="descending"/>
						<param name="list_id" value="8100"/>
						<param name="fallback_icon" value="DefaultAddon.png"/>
					</include>
					<include content="WidgetListSquare">
						<param name="content_path" value="addons://sources/audio/"/>
						<param name="widget_header" value="$LOCALIZE[1038]"/>
						<param name="widget_target" value="music"/>
						<param name="sortby" value="lastused"/>
						<param name="sortorder" value="descending"/>
						<param name="list_id" value="8200"/>
						<param name="fallback_icon" value="DefaultAddon.png"/>
					</include>
					<include content="WidgetListSquare">
						<param name="content_path" value="addons://sources/executable/"/>
						<param name="widget_header" value="$LOCALIZE[1043]"/>
						<param name="widget_target" value="programs"/>
						<param name="sortby" value="lastused"/>
						<param name="sortorder" value="descending"/>
						<param name="list_id" value="8300"/>
						<param name="fallback_icon" value="DefaultAddon.png"/>
					</include>
					<include content="WidgetListSquare" condition="System.Platform.Android">
						<param name="content_path" value="androidapp://sources/apps/"/>
						<param name="widget_header" value="$LOCALIZE[20244]"/>
						<param name="widget_target" value="programs"/>
						<param name="sortby" value="lastused"/>
						<param name="sortorder" value="descending"/>
						<param name="list_id" value="8400"/>
						<param name="fallback_icon" value="DefaultAddon.png"/>
					</include>
					<include content="WidgetListSquare">
							<param name="content_path" value="addons://sources/image/"/>
							<param name="widget_header" value="$LOCALIZE[1039]"/>
							<param name="widget_target" value="pictures"/>
							<param name="sortby" value="lastused"/>
							<param name="sortorder" value="descending"/>
							<param name="list_id" value="8500"/>
						</include>
				</control>
					<include content="ImageWidget">
						<param name="text_label" value="$LOCALIZE[31119]" />
						<param name="button_label" value="$LOCALIZE[31118]" />
						<param name="button_onclick" value="ActivateWindow(addonbrowser)"/>
						<param name="button_id" value="8600"/>
						<param name="visible" value="!Integer.IsGreater(Container(8001).NumItems,0)"/>
						<param name="button2_onclick" value="ActivateWindow(1120)"/>
					</include>
			</control>
			<!--Видео-->
			<control type="group" id="11000">
				<animation effect="slide" end="502,0" time="200" tween="quadratic" easing="out" condition="[Control.HasFocus(9000) | ControlGroup(700).HasFocus | ControlGroup(710).HasFocus] + Skin.HasSetting(FullScreenWidgetMenu)">Conditional</animation>
				<visible>String.IsEqual(Container(9000).ListItem.Property(id),video)</visible>
				<include content="Visible_Right_Delayed">
					<param name="id" value="video"/>
				</include>
				<control type="grouplist" id="11001">
					<include>WidgetGroupListCommon</include>
					<include content="WidgetListCategories" condition="String.IsEmpty(Skin.String(shift_categories)) | Skin.HasSetting(FullScreenWidgetMenu) | String.IsEqual(Skin.String(shift_categories),1)">
						<param name="content_path" value="library://video/"/>
						<param name="widget_header" value="$LOCALIZE[31148]"/>
						<param name="widget_target" value="videos"/>
						<param name="list_id" value="11900"/>
					</include>
					<include content="WidgetListCategories">
						<param name="visible" value="!Skin.HasSetting(HomeMenuNoVideoButton)"/>
						<param name="content_path" value="sources://video/"/>
						<param name="widget_header" value="$LOCALIZE[20094]"/>
						<param name="widget_target" value="videos"/>
						<param name="list_id" value="11100"/>
					</include>
					<!-- Video Addons -->
					<include condition="![Skin.HasSetting(enable_custom_list_addons) + Skin.HasSetting(enable_custom_list_addons_video_item)]" content="WidgetListSquare">
						<param name="content_path" value="addons://sources/video/"/>
						<param name="widget_header" value="$LOCALIZE[1037]"/>
						<param name="widget_target" value="videos"/>
						<param name="sortby" value="lastused"/>
						<param name="sortorder" value="descending"/>
						<param name="list_id" value="11200"/>
						<param name="fallback_icon" value="DefaultAddon.png"/>
					</include>
					<include condition="Skin.HasSetting(enable_custom_list_addons) + Skin.HasSetting(enable_custom_list_addons_video_item)" content="WidgetListCustomAddons">
						<param name="widget_header" value="$LOCALIZE[1037]"/>
						<param name="widget_target" value="VideoItem"/>
						<param name="list_id" value="11200"/>                    
						<param name="fallback_icon" value="DefaultAddon.png"/>
					</include>
					<include content="WidgetListCategories">
						<param name="visible" value="!Skin.HasSetting(HomeMenuNoPlaylistButton)"/>
						<param name="content_path" value="special://videoplaylists/"/>
						<param name="widget_header" value="$LOCALIZE[136]"/>
						<param name="widget_target" value="videos"/>
						<param name="list_id" value="11300"/>
						<param name="icon" value="DefaultPlaylist.png"/>
					</include>
				</control>
				<include content="ImageWidget">
					<param name="text_label" value="$LOCALIZE[31105]" />
					<param name="button_label" value="$LOCALIZE[31110]" />
					<param name="button_onclick" value="ActivateWindow(videos,root)"/>
					<param name="button_id" value="11400"/>
					<param name="visible" value="!Integer.IsGreater(Container(11001).NumItems,0)"/>
				</include>
			</control>
			<!--ТВ-->
			<control type="group" id="12000">
				<animation effect="slide" end="502,0" time="200" tween="quadratic" easing="out" condition="[Control.HasFocus(9000) | ControlGroup(700).HasFocus | ControlGroup(710).HasFocus] + Skin.HasSetting(FullScreenWidgetMenu)">Conditional</animation>
				<visible>String.IsEqual(Container(9000).ListItem.Property(id),livetv)</visible>
				<include content="Visible_Right_Delayed">
					<param name="id" value="livetv"/>
				</include>
				<control type="grouplist" id="12001">
					<include>WidgetGroupListCommon</include>
					<control type="grouplist" id="12855">
						<height>390</height>
						<left>0</left>
						<right>0</right>
						<top>36</top>
						<orientation>horizontal</orientation>
						<visible>PVR.IsRecordingTV | PVR.HasNonRecordingTVTimer</visible>
						<align>center</align>
						<control type="group">
							<width>674</width>
							<visible>PVR.IsRecordingTV</visible>
							<include content="PVRWidget">
								<param name="icon" value="$INFO[PVR.TVNowRecordingChannelIcon]" />
								<param name="header" value="$LOCALIZE[19158]" />
								<param name="label1" value="$INFO[PVR.TVNowRecordingDateTime]" />
								<param name="label2" value="$INFO[PVR.TVNowRecordingTitle][CR][COLOR=grey]$INFO[PVR.TVNowRecordingChannel][/COLOR]" />
							</include>
						</control>
						<control type="group">
							<width>674</width>
							<visible>PVR.HasNonRecordingTVTimer</visible>
							<include content="PVRWidget">
								<param name="icon" value="$INFO[PVR.TVNextRecordingChannelIcon]" />
								<param name="header" value="$LOCALIZE[19157]" />
								<param name="label1" value="$INFO[PVR.TVNextRecordingDateTime]" />
								<param name="label2" value="$INFO[PVR.TVNextRecordingTitle][CR][COLOR=grey]$INFO[PVR.TVNextRecordingChannel][/COLOR]" />
							</include>
						</control>
					</control>
					<include content="WidgetListCategories" condition="[String.IsEmpty(Skin.String(shift_categories)) | Skin.HasSetting(FullScreenWidgetMenu) | String.IsEqual(Skin.String(shift_categories),1)] + System.HasPVRAddon">
						<param name="widget_header" value="$LOCALIZE[31148]"/>
						<param name="list_id" value="12900"/>
						<param name="pvr_submenu" value="true"/>
						<param name="pvr_type" value="TV"/>
					</include>
					<!-- Video Addons -->
					<include condition="[Skin.HasSetting(enable_custom_list_addons) + Skin.HasSetting(enable_custom_list_addons_video_tv)] + System.HasPVRAddon" content="WidgetListCustomAddons">
						<param name="widget_header" value="$LOCALIZE[1037]"/>
						<param name="widget_target" value="VideoTV"/>
						<param name="list_id" value="12401"/>                    
						<param name="fallback_icon" value="DefaultAddon.png"/>
					</include>
					<!-- Programs Addons -->					
					<include condition="[Skin.HasSetting(enable_custom_list_addons) + Skin.HasSetting(enable_custom_list_addons_programs_tv)] + System.HasPVRAddon" content="WidgetListCustomAddons">
						<param name="widget_header" value="$LOCALIZE[1043]"/>
						<param name="widget_target" value="ProgramsTV"/>
						<param name="list_id" value="12500"/>
						<param name="fallback_icon" value="DefaultAddon.png"/>
					</include>
					<include content="WidgetListChannels" condition="System.HasPVRAddon">
						<param name="content_path" value="pvr://channels/tv/*?view=lastplayed"/>
						<param name="sortby" value="lastplayed"/>
						<param name="sortorder" value="descending"/>
						<param name="widget_header" value="$LOCALIZE[31016]"/>
						<param name="widget_target" value="pvr"/>
						<param name="list_id" value="12200"/>
					</include>
					<include content="WidgetListChannels" condition="System.HasPVRAddon">
						<param name="content_path" value="pvr://recordings/tv/active?view=flat"/>
						<param name="sortby" value="date"/>
						<param name="sortorder" value="descending"/>
						<param name="widget_header" value="$LOCALIZE[31015]"/>
						<param name="widget_target" value="pvr"/>
						<param name="list_id" value="12300"/>
						<param name="label" value="$INFO[ListItem.ChannelName]"/>
						<param name="label2" value="$INFO[ListItem.Title]$INFO[ListItem.EpisodeName, (,)]"/>
					</include>
				</control>
				<include content="ImageWidget" condition="!System.HasPVRAddon">
					<param name="text_label" value="$LOCALIZE[31143]" />
					<param name="button_label" value="$LOCALIZE[31144]" />
					<param name="button_onclick" value="ActivateWindow(addonbrowser,addons://user/xbmc.pvrclient,return)"/>
					<param name="button_id" value="12400"/>
					<param name="button2_onclick" value="ActivateWindow(1120)"/>
				</include>
			</control>
			<!--Радио-->
			<control type="group" id="13000">
				<animation effect="slide" end="502,0" time="200" tween="quadratic" easing="out" condition="[Control.HasFocus(9000) | ControlGroup(700).HasFocus | ControlGroup(710).HasFocus] + Skin.HasSetting(FullScreenWidgetMenu)">Conditional</animation>
				<visible>String.IsEqual(Container(9000).ListItem.Property(id),radio)</visible>
				<include content="Visible_Right_Delayed">
					<param name="id" value="radio"/>
				</include>
				<control type="grouplist" id="13001">
					<include>WidgetGroupListCommon</include>
					<control type="grouplist" id="13855">
						<height>390</height>
						<left>25</left>
						<top>36</top>
						<orientation>horizontal</orientation>
						<align>right</align>
						<width>1360</width>
						<visible>PVR.IsRecordingRadio | PVR.HasNonRecordingRadioTimer</visible>
						<control type="group">
							<width>680</width>
							<visible>PVR.IsRecordingRadio</visible>
							<include content="PVRWidget">
								<param name="icon" value="$INFO[PVR.RadioNowRecordingChannelIcon]" />
								<param name="header" value="$LOCALIZE[19158]" />
								<param name="label1" value="$INFO[PVR.RadioNowRecordingDateTime]" />
								<param name="label2" value="$INFO[PVR.RadioNowRecordingTitle][CR][COLOR=grey]$INFO[PVR.RadioNowRecordingChannel][/COLOR]" />
							</include>
						</control>
						<control type="group">
							<visible>PVR.HasNonRecordingRadioTimer</visible>
							<width>680</width>
							<include content="PVRWidget">
								<param name="icon" value="$INFO[PVR.RadioNextRecordingChannelIcon]" />
								<param name="header" value="$LOCALIZE[19157]" />
								<param name="label1" value="$INFO[PVR.RadioNextRecordingDateTime]" />
								<param name="label2" value="$INFO[PVR.RadioNextRecordingTitle][CR][COLOR=grey]$INFO[PVR.RadioNextRecordingChannel][/COLOR]" />
							</include>
						</control>
					</control>
					<include content="WidgetListCategories" condition="[String.IsEmpty(Skin.String(shift_categories)) | Skin.HasSetting(FullScreenWidgetMenu) | String.IsEqual(Skin.String(shift_categories),1)] + System.HasPVRAddon">
						<param name="widget_header" value="$LOCALIZE[31148]"/>
						<param name="list_id" value="13900"/>
						<param name="pvr_submenu" value="true"/>
						<param name="pvr_type" value="Radio"/>
					</include>
					<!-- Music Addons -->					
					<include condition="[Skin.HasSetting(enable_custom_list_addons) + Skin.HasSetting(enable_custom_list_addons_audio_radio)] + System.HasPVRAddon" content="WidgetListCustomAddons">
						<param name="widget_header" value="$LOCALIZE[1038]"/>
						<param name="widget_target" value="AudioRadio"/>
						<param name="list_id" value="13400"/>                    
						<param name="fallback_icon" value="DefaultAddon.png"/>
					</include>
					<!-- Programs Addons -->					
					<include condition="[Skin.HasSetting(enable_custom_list_addons) + Skin.HasSetting(enable_custom_list_addons_programs_radio)] + System.HasPVRAddon" content="WidgetListCustomAddons">
						<param name="widget_header" value="$LOCALIZE[1043]"/>
						<param name="widget_target" value="ProgramsRadio"/>
						<param name="list_id" value="13600"/>
						<param name="fallback_icon" value="DefaultAddon.png"/>
					</include>
					<include content="WidgetListChannels" condition="System.HasPVRAddon">
						<param name="content_path" value="pvr://channels/radio/*?view=lastplayed"/>
						<param name="sortby" value="lastplayed"/>
						<param name="sortorder" value="descending"/>
						<param name="widget_header" value="$LOCALIZE[31018]"/>
						<param name="widget_target" value="files"/>
						<param name="list_id" value="13200"/>
					</include>
					<include content="WidgetListChannels" condition="System.HasPVRAddon">
						<param name="content_path" value="pvr://recordings/radio/active?view=flat"/>
						<param name="sortby" value="date"/>
						<param name="sortorder" value="descending"/>
						<param name="widget_header" value="$LOCALIZE[31015]"/>
						<param name="widget_target" value="pvr"/>
						<param name="list_id" value="13300"/>
						<param name="label" value="$INFO[ListItem.ChannelName]"/>
						<param name="label2" value="$INFO[ListItem.Title]$INFO[ListItem.EpisodeName, (,)]"/>
					</include>
				</control>
				<include content="ImageWidget" condition="!System.HasPVRAddon">
					<param name="text_label" value="$LOCALIZE[31143]" />
					<param name="button_label" value="$LOCALIZE[31144]" />
					<param name="button_onclick" value="ActivateWindow(addonbrowser,addons://user/xbmc.pvrclient,return)"/>
					<param name="button_id" value="13400"/>
					<param name="button2_onclick" value="ActivateWindow(1120)"/>
				</include>
			</control>
			<!--Избранное-->
			<control type="group" id="14000">
				<animation effect="slide" end="502,0" time="200" tween="quadratic" easing="out" condition="[Control.HasFocus(9000) | ControlGroup(700).HasFocus | ControlGroup(710).HasFocus] + Skin.HasSetting(FullScreenWidgetMenu)">Conditional</animation>
				<visible>String.IsEqual(Container(9000).ListItem.Property(id),favorites)</visible>
				<include content="Visible_Right_Delayed">
					<param name="id" value="favorites"/>
				</include>
				<control type="panel" id="14100">
					<left>65</left>
					<top>0</top>
					<right>0</right>
					<bottom>0</bottom>
					<onleft>9000</onleft>
					<onright>9000</onright>
					<onup>14100</onup>
					<ondown>14100</ondown>
					<onclick>$INFO[ListItem.FileNameAndPath]</onclick>
					<preloaditems>2</preloaditems>
					<scrolltime tween="cubic" easing="out">500</scrolltime>
					<orientation>vertical</orientation>
					<visible>Integer.IsGreater(Container(14100).NumItems,0) | Container(14100).IsUpdating</visible>
					<itemlayout width="330" height="396">
						<control type="group">
							<top>130</top>
							<include content="InfoWallMusicLayout">
								<param name="fallback_image" value="DefaultFavourites.png" />
								<param name="focused" value="false" />
							</include>
						</control>
					</itemlayout>
					<focusedlayout width="330" height="396">
						<control type="group">
							<depth>DepthContentPopout</depth>
							<top>130</top>
							<animation effect="zoom" start="100" end="110" time="200" tween="sine" easing="inout" center="170,320">Focus</animation>
							<animation effect="zoom" start="110" end="100" time="200" tween="sine" easing="inout" center="170,320">UnFocus</animation>
							<include content="InfoWallMusicLayout">
								<param name="fallback_image" value="DefaultFavourites.png" />
								<param name="focused" value="true" />
							</include>
						</control>
					</focusedlayout>
					<content>favourites://</content>
				</control>
				<include content="ImageWidget">
					<param name="text_label" value="$LOCALIZE[31025]" />
					<param name="button_label" value="$LOCALIZE[31116]" />
					<param name="button_onclick" value=""/>
					<param name="button_id" value="5500"/>
					<param name="visible" value="!Integer.IsGreater(Container(14100).NumItems,0) + !Container(14100).IsUpdating"/>
					<param name="visible_1" value="false"/>
					<param name="button2_onclick" value="ActivateWindow(1120)"/>
				</include>
			</control>
			<!--Погода-->
			<control type="group" id="15000">
				<animation effect="slide" end="502,0" time="200" tween="quadratic" easing="out" condition="[Control.HasFocus(9000) | ControlGroup(700).HasFocus | ControlGroup(710).HasFocus] + Skin.HasSetting(FullScreenWidgetMenu)">Conditional</animation>
				<visible>String.IsEqual(Container(9000).ListItem.Property(id),weather)</visible>
				<include content="Visible_Right_Delayed">
					<param name="id" value="weather"/>
				</include>
				<control type="grouplist" id="15001">
					<include>WidgetGroupListCommon</include>
					<control type="group" id="16678">
						<description>Weather info</description>
						<left>68</left>
						<right>70</right>
						<top>102</top>
						<height>300</height>
						<visible>!String.IsEmpty(Weather.plugin)</visible>
						<control type="image">
							<bottom>90</bottom>
							<width>100%</width>
						</control>
						<control type="label">
							<left>300</left>
							<top>60</top>
							<aligny>center</aligny>
							<height>24</height>
							<right>60</right>
							<align>right</align>
							<font>font30_title</font>
							<label>$INFO[Weather.Location]</label>
						</control>
						<control type="label">
							<left>300</left>
							<top>120</top>
							<aligny>center</aligny>
							<height>24</height>
							<right>60</right>
							<align>right</align>
							<font>font14</font>
							<label>$INFO[Weather.Conditions,, ∙ ]$INFO[Weather.Temperature]</label>
						</control>
						<control type="grouplist">
							<top>50</top>
							<left>50</left>
							<right>20</right>
							<orientation>horizontal</orientation>
							<align>left</align>
							<itemgap>-110</itemgap>
							<include content="WeatherIcon" condition="!String.IsEmpty(Weather.Plugin)">
								<param name="label" value="Window(weather).Property(Current.Wind)" />
								<param name="texture" value="icons/weather/wind.png" />
								<param name="header" value="404" />
							</include>
							<include content="WeatherIcon" condition="!String.IsEmpty(Weather.Plugin)">
								<param name="label" value="Window(weather).Property(Current.Humidity)" />
								<param name="texture" value="icons/weather/humidity.png" />
								<param name="header" value="406" />
							</include>
							<include content="WeatherIcon" condition="!String.IsEmpty(Weather.Plugin)">
								<param name="label" value="Window(weather).Property(Current.Precipitation)" />
								<param name="texture" value="icons/weather/rain.png" />
								<param name="header" value="33021" />
							</include>
							<include content="WeatherIcon" condition="!String.IsEmpty(Weather.Plugin)">
								<param name="label" value="Window(weather).Property(Today.Sunrise)" />
								<param name="texture" value="icons/weather/sunrise.png" />
								<param name="header" value="405" />
							</include>
							<include content="WeatherIcon" condition="!String.IsEmpty(Weather.Plugin)">
								<param name="label" value="Window(weather).Property(Today.Sunset)" />
								<param name="texture" value="icons/weather/sunset.png" />
								<param name="header" value="403" />
							</include>
						</control>
					</control>
					<include content="WeatherWidget" condition="!String.IsEmpty(Weather.Plugin)">
						<param name="content_include" value="DailyItems" />
						<param name="list_id" value="15200" />
						<param name="widget_header" value="$LOCALIZE[31019]"/>
						<param name="visible" value="!String.IsEmpty(Window(weather).Property(Daily.IsFetched))" />
					</include>
					<include content="WeatherWidget" condition="!String.IsEmpty(Weather.Plugin)">
						<param name="content_include" value="HourlyItems" />
						<param name="list_id" value="15100" />
						<param name="widget_header" value="$LOCALIZE[33036]"/>
						<param name="visible" value="!String.IsEmpty(Window(weather).Property(Hourly.IsFetched))" />
					</include>
				</control>
				<include content="ImageWidget" condition="String.IsEmpty(Weather.plugin)">
					<param name="text_label" value="$LOCALIZE[31120]" />
					<param name="button_label" value="$LOCALIZE[31121]" />
					<param name="button_onclick" value="ActivateWindow(servicesettings,weather)"/>
					<param name="button_id" value="15300"/>
				</include>
			</control>
			<!--Музыкальное видео-->
			<control type="group" id="16000">
				<animation effect="slide" end="502,0" time="200" tween="quadratic" easing="out" condition="[Control.HasFocus(9000) | ControlGroup(700).HasFocus | ControlGroup(710).HasFocus] + Skin.HasSetting(FullScreenWidgetMenu)">Conditional</animation>
				<visible>String.IsEqual(Container(9000).ListItem.Property(id),musicvideos)</visible>
				<include content="Visible_Right_Delayed">
					<param name="id" value="musicvideos"/>
				</include>
				<control type="grouplist" id="16001">
					<include>WidgetGroupListCommon</include>
					<include content="WidgetListCategories" condition="[String.IsEmpty(Skin.String(shift_categories)) | Skin.HasSetting(FullScreenWidgetMenu) | String.IsEqual(Skin.String(shift_categories),1)] + Library.HasContent(musicvideos)">
						<param name="content_path" value="library://music/musicvideos/"/>
						<param name="widget_header" value="$LOCALIZE[31148]"/>
						<param name="widget_target" value="videos"/>
						<param name="list_id" value="16900"/>
					</include>
					<!-- Music Video Addons -->
					<include condition="![Skin.HasSetting(enable_custom_list_addons) + Skin.HasSetting(enable_custom_list_addons_music_video)] + Library.HasContent(musicvideos)" content="WidgetListSquare">
						<param name="content_path" value="addons://sources/video/"/>
						<param name="widget_header" value="$LOCALIZE[1037]"/>
						<param name="widget_target" value="videos"/>
						<param name="sortby" value="lastused"/>
						<param name="sortorder" value="descending"/>
						<param name="list_id" value="16100"/>
						<param name="fallback_icon" value="DefaultAddon.png"/>
					</include>
					<include condition="[Skin.HasSetting(enable_custom_list_addons) + Skin.HasSetting(enable_custom_list_addons_music_video)] + Library.HasContent(musicvideos)" content="WidgetListCustomAddons">
						<param name="widget_header" value="$LOCALIZE[1037]"/>
						<param name="widget_target" value="Musicvideo"/>
						<param name="list_id" value="16100"/>                    
						<param name="fallback_icon" value="DefaultAddon.png"/>
					</include>
					<include content="WidgetListEpisodes" condition="Library.HasContent(musicvideos)">
						<param name="visible" value="!Skin.HasSetting(WidgetRecentlyAddedMusicVideosOff)"/>
						<param name="content_path" value="videodb://recentlyaddedmusicvideos/"/>
						<param name="widget_header" value="$LOCALIZE[20390]"/>
						<param name="widget_target" value="videos"/>
						<param name="main_label" value="$INFO[ListItem.Label]" />
						<param name="sub_label" value="$INFO[ListItem.Artist]" />
						<param name="thumb_label" value="$INFO[ListItem.Year]" />
						<param name="fallback_image" value="DefaultMusicSongs.png" />
						<param name="list_id" value="16300"/>
					</include>
					<include content="WidgetListEpisodes" condition="Library.HasContent(musicvideos)">
						<param name="visible" value="!Skin.HasSetting(WidgetUnwatchedMusicVideosOff)"/>
						<param name="content_path" value="special://skin/playlists/unwatched_musicvideos.xsp"/>
						<param name="widget_header" value="$LOCALIZE[31151]"/>
						<param name="widget_target" value="videos"/>
						<param name="main_label" value="$INFO[ListItem.Label]" />
						<param name="sub_label" value="$INFO[ListItem.Artist]" />
						<param name="thumb_label" value="$INFO[ListItem.Year]" />
						<param name="fallback_image" value="DefaultMusicSongs.png" />
						<param name="list_id" value="16400"/>
					</include>
					<include content="WidgetListSquare" condition="Library.HasContent(musicvideos)">
						<param name="visible" value="!Skin.HasSetting(WidgetRandomMusicVideoArtistsOff)"/>
						<param name="content_path" value="special://skin/playlists/random_musicvideo_artists.xsp"/>
						<param name="widget_header" value="$LOCALIZE[31013]"/>
						<param name="widget_target" value="music"/>
						<param name="list_id" value="16200"/>
						<param name="widget_limit" value="10"/>
					</include>
					<include content="WidgetListEpisodes" condition="Library.HasContent(musicvideos)">
						<param name="visible" value="!Skin.HasSetting(WidgetRandomMusicVideosOff)"/>
						<param name="content_path" value="special://skin/playlists/random_musicvideos.xsp"/>
						<param name="widget_header" value="$LOCALIZE[31152]"/>
						<param name="widget_target" value="videos"/>
						<param name="main_label" value="$INFO[ListItem.Label]" />
						<param name="sub_label" value="$INFO[ListItem.Artist]" />
						<param name="thumb_label" value="$INFO[ListItem.Year]" />
						<param name="fallback_image" value="DefaultMusicSongs.png" />
						<param name="list_id" value="16500"/>
					</include>
					<include content="WidgetListCategories" condition="Library.HasContent(musicvideos)">
						<param name="visible" value="!Skin.HasSetting(WidgetMusicVideosStudiosOff)"/>
						<param name="content_path" value="videodb://musicvideos/studios/"/>
						<param name="widget_header" value="$LOCALIZE[20388]"/>
						<param name="widget_target" value="music"/>
						<param name="list_id" value="16600"/>
						<param name="icon" value="$VAR[WidgetStudioIconVar]"/>
						<param name="icon_height" value="70"/>
					</include>
				</control>
				<include content="ImageWidget" condition="!Library.HasContent(musicvideos)">
					<param name="text_label" value="$LOCALIZE[31104]" />
					<param name="button_label" value="$LOCALIZE[31110]" />
					<param name="button_onclick" value="ActivateWindow(videos,files,return)"/>
					<param name="button_id" value="16800"/>
					<param name="button2_onclick" value="ActivateWindow(1120)"/>
				</include>
			</control>
			<!--Фото-->
			<control type="group" id="4000">
				<animation effect="slide" end="502,0" time="200" tween="quadratic" easing="out" condition="[Control.HasFocus(9000) | ControlGroup(700).HasFocus | ControlGroup(710).HasFocus] + Skin.HasSetting(FullScreenWidgetMenu)">Conditional</animation>
				<visible>String.IsEqual(Container(9000).ListItem.Property(id),pictures)</visible>
				<include content="Visible_Right_Delayed">
					<param name="id" value="pictures"/>
				</include>
				<control type="grouplist" id="4001">
					<include>WidgetGroupListCommon</include>
					<include content="WidgetListCategories">
						<param name="visible" value="!Skin.HasSetting(HomeMenuNoPicturesButton)"/>
						<param name="content_path" value="sources://pictures/"/>
						<param name="widget_header" value="$LOCALIZE[20094]"/>
						<param name="widget_target" value="pictures"/>
						<param name="list_id" value="4100"/>
					</include>
					<!-- Images Addons -->
					<include condition="![Skin.HasSetting(enable_custom_list_addons) + Skin.HasSetting(enable_custom_list_addons_image)]" content="WidgetListSquare">
						<param name="content_path" value="addons://sources/image/"/>
						<param name="widget_header" value="$LOCALIZE[1039]"/>
						<param name="widget_target" value="pictures"/>
						<param name="sortby" value="lastused"/>
						<param name="sortorder" value="descending"/>
						<param name="list_id" value="4200"/>
                        <param name="fallback_icon" value="DefaultAddon.png"/>
					</include>
					<include condition="Skin.HasSetting(enable_custom_list_addons) + Skin.HasSetting(enable_custom_list_addons_image)" content="WidgetListCustomAddons">
						<param name="widget_header" value="$LOCALIZE[1039]"/>
						<param name="widget_target" value="Image"/>
						<param name="list_id" value="4200"/>
                        <param name="fallback_icon" value="DefaultAddon.png"/>
					</include>					
				</control>
			</control>
			<!--Диск-->
			<control type="group" id="21000">
				<animation effect="slide" end="502,0" time="200" tween="quadratic" easing="out" condition="[Control.HasFocus(9000) | ControlGroup(700).HasFocus | ControlGroup(710).HasFocus] + Skin.HasSetting(FullScreenWidgetMenu)">Conditional</animation>
				<visible>String.IsEqual(Container(9000).ListItem.Property(id),disc)</visible>
				<include content="Visible_Right_Delayed">
					<param name="id" value="disc"/>
				</include>
				<include content="ImageWidget">
					<param name="text_label" value="$INFO[System.DVDLabel]" />
					<param name="button_label" value="$LOCALIZE[341]" />
					<param name="button_onclick" value="PlayDisc"/>
					<param name="button_id" value="21100"/>
					<param name="visible" value="true"/>
					<param name="button2_label" value="$LOCALIZE[13391]"/>
					<param name="button2_onclick" value="EjectTray()"/>
				</include>
			</control>
		</control>
	</include>
</includes>