﻿<?xml version="1.0" encoding="utf-8"?>
<includes>
    <!-- CustomWidgetsAddonsSettings -->
    <include name="HomeMainCustomWidgetsAddonsSettings">
        <!-- WidgetsAddonsEnable -->
        <control type="radiobutton" id="$PARAM[id1]00">
            <description>Flags</description>
            <include>DefaultSettingButton</include>
            <label>$PARAM[title]</label>
            <onclick>Skin.ToggleSetting($PARAM[flags])</onclick>
            <selected>Skin.HasSetting($PARAM[flags])</selected>
			<visible>$PARAM[visible]</visible>
        </control>
        <control type="button" id="$PARAM[id1]01">
            <label>- $LOCALIZE[24000] [B]1[/B]</label>
            <label2>[COLOR selected]$INFO[Skin.String(AddonSet$PARAM[setadonnstype].0.Label)][/COLOR]</label2>
			<include>DefaultSettingButton</include>
			<include content="HomeMainCustomWidgetsSelectAddons">
                <param name="type" value="$PARAM[type]" />
                <param name="adonnstype" value="$PARAM[setadonnstype]" />
                <param name="id1" value="0" />
            </include>
            <visible>Skin.HasSetting($PARAM[flags])</visible>
			<visible>$PARAM[visible]</visible>
        </control>
        <control type="button" id="$PARAM[id1]02">
            <label>- $LOCALIZE[24000] [B]2[/B]</label>
            <label2>[COLOR selected]$INFO[Skin.String(AddonSet$PARAM[setadonnstype].1.Label)][/COLOR]</label2>
			<include>DefaultSettingButton</include>
			<include content="HomeMainCustomWidgetsSelectAddons">
                <param name="type" value="$PARAM[type]" />
                <param name="adonnstype" value="$PARAM[setadonnstype]" />
                <param name="id1" value="1" />
            </include>
            <visible>Skin.HasSetting($PARAM[flags])</visible>
            <visible>!String.IsEmpty(Skin.String(AddonSet$PARAM[setadonnstype].0.Label))</visible>
			<visible>$PARAM[visible]</visible>
        </control>
        <control type="button" id="$PARAM[id1]03">
            <label>- $LOCALIZE[24000] [B]3[/B]</label>
            <label2>[COLOR selected]$INFO[Skin.String(AddonSet$PARAM[setadonnstype].2.Label)][/COLOR]</label2>
			<include>DefaultSettingButton</include>
			<include content="HomeMainCustomWidgetsSelectAddons">
                <param name="type" value="$PARAM[type]" />
                <param name="adonnstype" value="$PARAM[setadonnstype]" />
                <param name="id1" value="2" />
            </include>
            <visible>Skin.HasSetting($PARAM[flags])</visible>
            <visible>!String.IsEmpty(Skin.String(AddonSet$PARAM[setadonnstype].1.Label))</visible>
			<visible>$PARAM[visible]</visible>
        </control>
        <control type="button" id="$PARAM[id1]04">
            <label>- $LOCALIZE[24000] [B]4[/B]</label>
            <label2>[COLOR selected]$INFO[Skin.String(AddonSet$PARAM[setadonnstype].3.Label)][/COLOR]</label2>
			<include>DefaultSettingButton</include>
			<include content="HomeMainCustomWidgetsSelectAddons">
                <param name="type" value="$PARAM[type]" />
                <param name="adonnstype" value="$PARAM[setadonnstype]" />
                <param name="id1" value="3" />
            </include>
            <visible>Skin.HasSetting($PARAM[flags])</visible>
            <visible>!String.IsEmpty(Skin.String(AddonSet$PARAM[setadonnstype].2.Label))</visible>
			<visible>$PARAM[visible]</visible>
        </control>
        <control type="button" id="$PARAM[id1]05">
            <label>- $LOCALIZE[24000] [B]5[/B]</label>
            <label2>[COLOR selected]$INFO[Skin.String(AddonSet$PARAM[setadonnstype].4.Label)][/COLOR]</label2>
			<include>DefaultSettingButton</include>
			<include content="HomeMainCustomWidgetsSelectAddons">
                <param name="type" value="$PARAM[type]" />
                <param name="adonnstype" value="$PARAM[setadonnstype]" />
                <param name="id1" value="4" />
            </include>
            <visible>Skin.HasSetting($PARAM[flags])</visible>
            <visible>!String.IsEmpty(Skin.String(AddonSet$PARAM[setadonnstype].3.Label))</visible>
			<visible>$PARAM[visible]</visible>
        </control>
        <control type="button" id="$PARAM[id1]06">
            <label>- $LOCALIZE[24000] [B]6[/B]</label>
            <label2>[COLOR selected]$INFO[Skin.String(AddonSet$PARAM[setadonnstype].5.Label)][/COLOR]</label2>
			<include>DefaultSettingButton</include>
			<include content="HomeMainCustomWidgetsSelectAddons">
                <param name="type" value="$PARAM[type]" />
                <param name="adonnstype" value="$PARAM[setadonnstype]" />
                <param name="id1" value="5" />
            </include>
            <visible>Skin.HasSetting($PARAM[flags])</visible>
            <visible>!String.IsEmpty(Skin.String(AddonSet$PARAM[setadonnstype].4.Label))</visible>
			<visible>$PARAM[visible]</visible>
        </control>
        <control type="button" id="$PARAM[id1]07">
            <label>- $LOCALIZE[24000] [B]7[/B]</label>
            <label2>[COLOR selected]$INFO[Skin.String(AddonSet$PARAM[setadonnstype].6.Label)][/COLOR]</label2>
			<include>DefaultSettingButton</include>
			<include content="HomeMainCustomWidgetsSelectAddons">
                <param name="type" value="$PARAM[type]" />
                <param name="adonnstype" value="$PARAM[setadonnstype]" />
                <param name="id1" value="6" />
            </include>
            <visible>Skin.HasSetting($PARAM[flags])</visible>
            <visible>!String.IsEmpty(Skin.String(AddonSet$PARAM[setadonnstype].5.Label))</visible>
			<visible>$PARAM[visible]</visible>
        </control>
        <control type="button" id="$PARAM[id1]08">
            <label>- $LOCALIZE[24000] [B]8[/B]</label>
            <label2>[COLOR selected]$INFO[Skin.String(AddonSet$PARAM[setadonnstype].7.Label)][/COLOR]</label2>
			<include>DefaultSettingButton</include>
			<include content="HomeMainCustomWidgetsSelectAddons">
                <param name="type" value="$PARAM[type]" />
                <param name="adonnstype" value="$PARAM[setadonnstype]" />
                <param name="id1" value="7" />
            </include>
            <visible>Skin.HasSetting($PARAM[flags])</visible>
            <visible>!String.IsEmpty(Skin.String(AddonSet$PARAM[setadonnstype].6.Label))</visible>
			<visible>$PARAM[visible]</visible>
        </control>
        <control type="button" id="$PARAM[id1]09">
            <label>- $LOCALIZE[24000] [B]9[/B]</label>
            <label2>[COLOR selected]$INFO[Skin.String(AddonSet$PARAM[setadonnstype].8.Label)][/COLOR]</label2>
			<include>DefaultSettingButton</include>
			<include content="HomeMainCustomWidgetsSelectAddons">
                <param name="type" value="$PARAM[type]" />
                <param name="adonnstype" value="$PARAM[setadonnstype]" />
                <param name="id1" value="8" />
            </include>
            <visible>Skin.HasSetting($PARAM[flags])</visible>
            <visible>!String.IsEmpty(Skin.String(AddonSet$PARAM[setadonnstype].7.Label))</visible>
			<visible>$PARAM[visible]</visible>
        </control>
        <control type="button" id="$PARAM[id1]10">
            <label>- $LOCALIZE[24000] [B]10[/B]</label>
            <label2>[COLOR selected]$INFO[Skin.String(AddonSet$PARAM[setadonnstype].9.Label)][/COLOR]</label2>
			<include>DefaultSettingButton</include>
			<include content="HomeMainCustomWidgetsSelectAddons">
                <param name="type" value="$PARAM[type]" />
                <param name="adonnstype" value="$PARAM[setadonnstype]" />
                <param name="id1" value="9" />
            </include>
            <visible>Skin.HasSetting($PARAM[flags])</visible>
            <visible>!String.IsEmpty(Skin.String(AddonSet$PARAM[setadonnstype].8.Label))</visible>
			<visible>$PARAM[visible]</visible>
        </control>
    </include>
    <!-- SelectAddons -->
    <include name="HomeMainCustomWidgetsSelectAddons">
        <onclick>Skin.Reset(UsrSelectAddon)</onclick>
        <onclick>Skin.SetAddon(UsrSelectAddon,$PARAM[type])</onclick>
        <onclick>Skin.SetString(AddonSet$PARAM[adonnstype].$PARAM[id1].Label,$INFO[system.addontitle(Skin.String(UsrSelectAddon))])</onclick>
        <onclick>Skin.SetString(AddonSet$PARAM[adonnstype].$PARAM[id1].Name,$INFO[Skin.String(UsrSelectAddon)])</onclick>
        <onclick>Skin.SetString(AddonSet$PARAM[adonnstype].$PARAM[id1].Icon,$INFO[system.addonicon(Skin.String(UsrSelectAddon))])</onclick>
    </include>    
    <!-- ContentAddonsWidgets -->
	<include name="HomeCustomAddonsItems">
        <content>
            <item id="1">
                <label>$INFO[Skin.String(AddonSet$PARAM[id2].0.Label)]</label>
                <onclick>RunAddon($INFO[Skin.String(AddonSet$PARAM[id2].0.Name)])</onclick>
                <icon>$INFO[Skin.String(AddonSet$PARAM[id2].0.Icon)]</icon>                
                <thumb>$INFO[Skin.String(AddonSet$PARAM[id2].0.Icon)]</thumb>
                <property name="AddonVersion">$INFO[system.addonversion(Skin.String(AddonSet$PARAM[id2].0.Name))]</property>
                <property name="AddonFanart">special://home/addons/$INFO[Skin.String(AddonSet$PARAM[id2].0.Name)]/fanart.jpg</property>
                <visible>!String.IsEmpty(Skin.String(AddonSet$PARAM[id2].0.Name))</visible>
            </item>
            <item id="2">
                <label>$INFO[Skin.String(AddonSet$PARAM[id2].1.Label)]</label>
                <onclick>RunAddon($INFO[Skin.String(AddonSet$PARAM[id2].1.Name)])</onclick>                
                <icon>$INFO[Skin.String(AddonSet$PARAM[id2].1.Icon)]</icon>
                <thumb>$INFO[Skin.String(AddonSet$PARAM[id2].1.Icon)]</thumb>
                <property name="AddonVersion">$INFO[system.addonversion(Skin.String(AddonSet$PARAM[id2].1.Name))]</property>
                <property name="AddonFanart">special://home/addons/$INFO[Skin.String(AddonSet$PARAM[id2].1.Name)]/fanart.jpg</property>
                <visible>!String.IsEmpty(Skin.String(AddonSet$PARAM[id2].1.Name))</visible>
            </item>
            <item id="3">
                <label>$INFO[Skin.String(AddonSet$PARAM[id2].2.Label)]</label>
                <onclick>RunAddon($INFO[Skin.String(AddonSet$PARAM[id2].2.Name)])</onclick>
                <icon>$INFO[Skin.String(AddonSet$PARAM[id2].2.Icon)]</icon>
                <thumb>$INFO[Skin.String(AddonSet$PARAM[id2].2.Icon)]</thumb>
                <property name="AddonVersion">$INFO[system.addonversion(Skin.String(AddonSet$PARAM[id2].2.Name))]</property>
                <property name="AddonFanart">special://home/addons/$INFO[Skin.String(AddonSet$PARAM[id2].2.Name)]/fanart.jpg</property>
                <visible>!String.IsEmpty(Skin.String(AddonSet$PARAM[id2].2.Name))</visible>
            </item>
            <item id="4">
                <label>$INFO[Skin.String(AddonSet$PARAM[id2].3.Label)]</label>
                <onclick>RunAddon($INFO[Skin.String(AddonSet$PARAM[id2].3.Name)])</onclick>
                <icon>$INFO[Skin.String(AddonSet$PARAM[id2].3.Icon)]</icon>
                <thumb>$INFO[Skin.String(AddonSet$PARAM[id2].3.Icon)]</thumb>
                <property name="AddonVersion">$INFO[system.addonversion(Skin.String(AddonSet$PARAM[id2].3.Name))]</property>
                <property name="AddonFanart">special://home/addons/$INFO[Skin.String(AddonSet$PARAM[id2].3.Name)]/fanart.jpg</property>
                <visible>!String.IsEmpty(Skin.String(AddonSet$PARAM[id2].3.Name))</visible>
            </item>
            <item id="5">
                <label>$INFO[Skin.String(AddonSet$PARAM[id2].4.Label)]</label>
                <onclick>RunAddon($INFO[Skin.String(AddonSet$PARAM[id2].4.Name)])</onclick>
                <icon>$INFO[Skin.String(AddonSet$PARAM[id2].4.Icon)]</icon>
                <thumb>$INFO[Skin.String(AddonSet$PARAM[id2].4.Icon)]</thumb>
                <property name="AddonVersion">$INFO[system.addonversion(Skin.String(AddonSet$PARAM[id2].4.Name))]</property>
                <property name="AddonFanart">special://home/addons/$INFO[Skin.String(AddonSet$PARAM[id2].4.Name)]/fanart.jpg</property>
                <visible>!String.IsEmpty(Skin.String(AddonSet$PARAM[id2].4.Name))</visible>
            </item>
            <item id="6">
                <label>$INFO[Skin.String(AddonSet$PARAM[id2].5.Label)]</label>
                <onclick>RunAddon($INFO[Skin.String(AddonSet$PARAM[id2].5.Name)])</onclick>
                <icon>$INFO[Skin.String(AddonSet$PARAM[id2].5.Icon)]</icon>
                <thumb>$INFO[Skin.String(AddonSet$PARAM[id2].5.Icon)]</thumb>
                <property name="AddonVersion">$INFO[system.addonversion(Skin.String(AddonSet$PARAM[id2].5.Name))]</property>
                <property name="AddonFanart">special://home/addons/$INFO[Skin.String(AddonSet$PARAM[id2].5.Name)]/fanart.jpg</property>
                <visible>!String.IsEmpty(Skin.String(AddonSet$PARAM[id2].5.Name))</visible>
            </item>
            <item id="7">
                <label>$INFO[Skin.String(AddonSet$PARAM[id2].6.Label)]</label>
                <onclick>RunAddon($INFO[Skin.String(AddonSet$PARAM[id2].6.Name)])</onclick>
                <icon>$INFO[Skin.String(AddonSet$PARAM[id2].6.Icon)]</icon>
                <thumb>$INFO[Skin.String(AddonSet$PARAM[id2].6.Icon)]</thumb>
                <property name="AddonVersion">$INFO[system.addonversion(Skin.String(AddonSet$PARAM[id2].6.Name))]</property>
                <property name="AddonFanart">special://home/addons/$INFO[Skin.String(AddonSet$PARAM[id2].6.Name)]/fanart.jpg</property>
                <visible>!String.IsEmpty(Skin.String(AddonSet$PARAM[id2].6.Name))</visible>
            </item>
            <item id="8">
                <label>$INFO[Skin.String(AddonSet$PARAM[id2].7.Label)]</label>
                <onclick>RunAddon($INFO[Skin.String(AddonSet$PARAM[id2].7.Name)])</onclick>
                <icon>$INFO[Skin.String(AddonSet$PARAM[id2].7.Icon)]</icon>
                <thumb>$INFO[Skin.String(AddonSet$PARAM[id2].7.Icon)]</thumb>
                <property name="AddonVersion">$INFO[system.addonversion(Skin.String(AddonSet$PARAM[id2].7.Name))]</property>
                <property name="AddonFanart">special://home/addons/$INFO[Skin.String(AddonSet$PARAM[id2].7.Name)]/fanart.jpg</property>
                <visible>!String.IsEmpty(Skin.String(AddonSet$PARAM[id2].7.Name))</visible>
            </item>
            <item id="9">
                <label>$INFO[Skin.String(AddonSet$PARAM[id2].8.Label)]</label>
                <onclick>RunAddon($INFO[Skin.String(AddonSet$PARAM[id2].8.Name)])</onclick>
                <icon>$INFO[Skin.String(AddonSet$PARAM[id2].8.Icon)]</icon>
                <thumb>$INFO[Skin.String(AddonSet$PARAM[id2].8.Icon)]</thumb>
                <property name="AddonVersion">$INFO[system.addonversion(Skin.String(AddonSet$PARAM[id2].8.Name))]</property>
                <property name="AddonFanart">special://home/addons/$INFO[Skin.String(AddonSet$PARAM[id2].8.Name)]/fanart.jpg</property>
                <visible>!String.IsEmpty(Skin.String(AddonSet$PARAM[id2].8.Name))</visible>
            </item>
            <item id="10">
                <label>$INFO[Skin.String(AddonSet$PARAM[id2].9.Label)]</label>
                <onclick>RunAddon($INFO[Skin.String(AddonSet$PARAM[id2].9.Name)])</onclick>
                <icon>$INFO[Skin.String(AddonSet$PARAM[id2].9.Icon)]</icon>
                <thumb>$INFO[Skin.String(AddonSet$PARAM[id2].9.Icon)]</thumb>
                <property name="AddonVersion">$INFO[system.addonversion(Skin.String(AddonSet$PARAM[id2].9.Name))]</property>
                <property name="AddonFanart">special://home/addons/$INFO[Skin.String(AddonSet$PARAM[id2].9.Name)]/fanart.jpg</property>
                <visible>!String.IsEmpty(Skin.String(AddonSet$PARAM[id2].9.Name))</visible>
            </item>
        </content>
	</include>
    <!-- WidgetListCustomAddons -->
	<include name="WidgetListCustomAddons">
		<param name="sub_label">$INFO[ListItem.Label]</param>
		<param name="sortby"></param>
		<param name="visible">True</param>
		<param name="sortorder">ascending</param>
		<param name="widget_limit">15</param>
		<param name="fallback_icon">DefaultAudio.png</param>
		<definition>
			<include content="CategoryLabel">
				<param name="label">$PARAM[widget_header]</param>
				<param name="list_id" value="$PARAM[list_id]"/>
			</include>
			<include content="BusyListSpinner">
				<param name="list_id" value="$PARAM[list_id]"/>
				<param name="posy" value="220"/>
			</include>
			<control type="panel" id="$PARAM[list_id]">
				<left>0</left>
				<top>120</top>
				<right>0</right>
				<height>500</height>
				<include content="WidgetListCommon">
					<param name="list_id" value="$PARAM[list_id]"/>
				</include>
				<visible>$PARAM[visible]</visible>
				<visible>Integer.IsGreater(Container($PARAM[list_id]).NumItems,0) | Container($PARAM[list_id]).IsUpdating</visible>
				<itemlayout width="310" height="500">
					<control type="group">
						<left>70</left>
						<include content="InfoWallMusicLayout">
							<param name="main_label" value="$PARAM[main_label]" />
							<param name="single_label" value="$PARAM[single_label]" />
							<param name="sub_label" value="$PARAM[sub_label]" />
							<param name="focused" value="false" />
						</include>
					</control>
				</itemlayout>
				<focusedlayout width="310" height="500">
					<control type="group">
						<depth>DepthContentPopout</depth>
						<left>70</left>
						<animation type="Focus">
							<effect type="zoom" start="100" end="112" time="200" tween="sine" easing="inout" center="240,120" />
						</animation>
						<animation type="Unfocus">
							<effect type="zoom" start="112" end="100" time="200" tween="sine" easing="inout" center="240,120" />
						</animation>
						<include content="InfoWallMusicLayout">
							<param name="main_label" value="$PARAM[main_label]" />
							<param name="single_label" value="$PARAM[single_label]" />
							<param name="sub_label" value="$PARAM[sub_label]" />
							<param name="focused" value="true" />
						</include>
					</control>
				</focusedlayout>
				<include content="HomeCustomAddonsItems">
					<param name="id2" value="$PARAM[widget_target]" />
				</include>
			</control>
		</definition>
	</include>
</includes>