﻿<?xml version="1.0" encoding="UTF-8"?>
<addon
	id="skin.estuaryv2Jarvis-safonov" 
	version="1.0.003" 
	name="Estuary v2 mod (Jarvis)" 
	provider-name="phil65, Ichabod Fletchman, YLLOW_DRAGON, vl.maksime, safonov_ivan">
	<requires>
		<import addon="xbmc.gui" version="5.10.0"/>
		<import addon="script.pvr.favourites" version="1.6.0"/>
		<import addon="script.image.resource.select" version="1.1.0"/>
	</requires>
	<extension
		point="xbmc.gui.skin"
		debugging="false">
		<res width="1920" height="1440" aspect="4:3" default="false" folder="xml" />
		<res width="1920" height="1280" aspect="3:2" default="false" folder="xml" />
		<res width="1920" height="1200" aspect="16:10" default="false" folder="xml" />
		<res width="1920" height="1080" aspect="16:9" default="true" folder="xml" />
		<res width="2560" height="1080" aspect="21:9" default="false" folder="xml" />
	</extension>
	<extension point="xbmc.addon.metadata">
		<summary lang="en_GB">Estuary v2 mod (Jarvis) skin by phil65, Piers, YLLOW_DRAGON, safonov_ivan.</summary>
		<summary lang="ru_RU">Обложка Estuary v2 mod (Jarvis). Авторы: phil65, Piers, YLLOW_DRAGON, safonov_ivan.</summary>
		<description lang="en_GB">Estuary v2 mod (Jarvis)  - is the modernized skin for Kodi.</description>
		<description lang="ru_RU">Estuary v2 mod (Jarvis) - это модернизированная обложка KODI.</description>
		<disclaimer lang="en_GB">Estuary v2 mod (Jarvis)  - is the modernized skin for Kodi</disclaimer>
		<disclaimer lang="ru_RU">Estuary v2 mod (Jarvis) - это модернизированная обложка KODI</disclaimer>
		<platform>all</platform>
		<license>CC BY-SA 4.0, GNU GENERAL PUBLIC LICENSE Version 2.0</license>
		<forum>http://forum.kodi.tv/</forum>
		<email>safonov11111985@gmail.com</email>
		<source>https://github.com/safonovivan/repository.safonov_ivan.git</source>
	</extension>
</addon>
